id,unit_id,type,role,related_main_id,prompt,options,correct_index,image,audio,video,explanation
9002,1,true_false,preview,9001,Hello یعنی «سلام»، درست یا غلط؟,,true,,,,Hello یعنی سلام.
9001,1,multiple_choice,main,,Hello یعنی چی؟,سلام|لطفاً|ممنون,0,,,,Hello یعنی سلام.
9003,1,speech_recognition,exercise,9001,Hello,,,,,,بگو: Hello
9004,1,speech_recognition,exercise,9001,Hello,,,,,,دوباره تمرین کن: Hello
9005,1,type_answer,exercise,9001,«سلام» به انگلیسی چیه؟ تایپش کن.,Hello,,,,,Hello یعنی سلام.
9007,1,true_false,preview,9006,Good morning یعنی «صبح بخیر»، درست یا غلط؟,,true,,,,Good morning یعنی صبح بخیر.
9006,1,multiple_choice,main,,Good morning یعنی چی؟,صبح بخیر|سلام,0,,,,Good morning یعنی صبح بخیر.
9008,1,multiple_choice,exercise,9006,کدوم گزینه یعنی «صبح بخیر»؟,Hello|Good morning,1,,,,Good morning یعنی صبح بخیر.
9009,1,match_pairs,exercise,9006,هر عبارت را به معنی فارسی‌اش وصل کن.,Good morning↔صبح بخیر|Hello↔سلام,,,,,هر عبارت رو با معنی فارسیش جفت کن.
9010,1,speech_recognition,exercise,9006,Good morning,,,,,,بگو: Good morning
9011,1,order,exercise,9006,این عبارت رو با کلماتش بچین.,Good|morning,,,,,Good morning از دو تا کلمه ساخته شده: Good و morning.
9013,1,true_false,preview,9012,How are you? یعنی «حالت چطوره؟»، درست یا غلط؟,,true,,,,How are you? یعنی حالت چطوره؟.
9012,1,multiple_choice,main,,How are you? یعنی چی,حالت چطوره؟|صبح بخیر|سلام,0,,,,How are you? یعنی حالت چطوره؟.
9014,1,match_pairs,exercise,9012,هر عبارت را به معنی فارسی‌اش وصل کن.,How are you?↔حالت چطوره؟|Hello↔سلام|Good morning↔صبح بخیر,,,,,هر عبارت رو با معنی فارسیش جفت کن.
9015,1,speech_recognition,exercise,9012,How are you?,,,,,,بگو: How are you?
9016,1,speech_recognition,exercise,9012,How are you?,,,,,,دوباره تمرین کن: How are you?
9018,1,true_false,preview,9017,I'm fine یعنی «خوبم»، درست یا غلط؟,,true,,,,I'm fine یعنی خوبم.
9017,1,multiple_choice,main,,I'm fine یعنی چی؟,خوبم|حالت چطوره؟|سلام,0,,,,I'm fine یعنی خوبم.
9019,1,order,exercise,9017,جمله را به ترتیب درستش بچین.,How are you?|I'm fine,,,,,بعد از این سوال، این جوابو می‌دی.
9020,1,speech_recognition,exercise,9017,How are you? I'm fine,,,,,,این جمله رو با صدای بلند بگو: How are you? I'm fine
9021,1,match_pairs,exercise,9017,هر عبارت را به معنی فارسی‌اش وصل کن.,I'm fine↔خوبم|Hello↔سلام,,,,,هر عبارت رو با معنی فارسیش جفت کن.
9022,1,order,exercise,9017,این عبارت رو با کلماتش بچین.,I'm|fine,,,,,I'm fine از دو تا کلمه ساخته شده: I'm و fine.
9024,1,true_false,preview,9023,I'm good یعنی «حالم خوبه»، درست یا غلط؟,,true,,,,I'm good یعنی حالم خوبه.
9023,1,multiple_choice,main,,I'm good یعنی چی؟,حالم خوبه|خوبم|صبح بخیر,0,,,,I'm good هم یعنی حالم خوبه — یه جور دیگه‌ی گفتن «خوبم».
9025,1,order,exercise,9023,جمله را به ترتیب درستش بچین.,How are you?|I'm good,,,,,یه جور دیگه از جواب دادن به این سوال.
9026,1,match_pairs,exercise,9023,هر عبارت را به معنی فارسی‌اش وصل کن.,I'm good↔حالم خوبه|Good morning↔صبح بخیر|Hello↔سلام,,,,,هر عبارت رو با معنی فارسیش جفت کن.
9027,1,speech_recognition,exercise,9023,I'm good,,,,,,بگو: I'm good
9028,1,order,exercise,9023,این عبارت رو با کلماتش بچین.,I'm|good,,,,,I'm good از دو تا کلمه ساخته شده: I'm و good.
9030,1,true_false,preview,9029,I'm tired یعنی «خسته‌ام»، درست یا غلط؟,,true,,,,I'm tired یعنی خسته‌ام.
9029,1,multiple_choice,main,,I'm tired یعنی چی؟,خسته‌ام|حالم خوبه|خوبم,0,,,,I'm tired یعنی خسته‌ام.
9031,1,order,exercise,9029,جمله را به ترتیب درستش بچین.,How are you?|I'm tired,,,,,یه جواب دیگه به این سوال، وقتی خسته‌ای.
9032,1,select_blank,exercise,9029,امروز خیلی راه رفتی. How are you? ___,I'm tired|I'm fine|I'm good,0,,,,بعد از این‌همه راه رفتن، معمولاً خسته‌ای.
9033,1,select_blank,exercise,9029,امروز حسابی استراحت کردی. How are you? ___,I'm fine|I'm tired|I'm good,0,,,,بعد از استراحت، معمولاً حالت خوبه، نه خسته.
9034,1,type_answer,exercise,9029,الان واقعاً حالت چطوره؟ به انگلیسی بنویس.,I'm fine|I'm good|I'm tired,,,,,هر کدوم از این جواب‌ها که واقعاً درسته، درست حساب میشه.
9035,1,match_pairs,exercise,9029,هر عبارت را به معنی فارسی‌اش وصل کن.,I'm tired↔خسته‌ام|Hello↔سلام|How are you?↔حالت چطوره؟,,,,,هر عبارت رو با معنی فارسیش جفت کن.
9036,1,order,exercise,9029,این عبارت رو با کلماتش بچین.,I'm|tired,,,,,I'm tired از دو تا کلمه ساخته شده: I'm و tired.
9037,1,multiple_choice,exercise,9029,«I'm ___» که یعنی «خسته‌ام»، کدوم کلمه‌ست؟,fine|good|tired,2,,,,I'm tired یعنی خسته‌ام — نه fine و نه good.
9039,1,true_false,preview,9038,And you? یعنی «تو چی؟»، درست یا غلط؟,,true,,,,And you? یعنی تو چی؟.
9038,1,multiple_choice,main,,And you? یعنی چی,تو چی؟|خسته‌ام|حالم خوبه,0,,,,And you? یعنی تو چی؟.
9040,1,order,exercise,9038,جمله را به ترتیب درستش بچین.,I'm fine.|And you?,,,,,بعد از جواب دادن، همون سوال رو برمی‌گردونی.
9041,1,multiple_choice,exercise,9038,کدوم گزینه یعنی «تو چی؟»,Good morning|And you?|I'm good,1,,,,And you? یعنی تو چی؟.
9042,1,speech_recognition,exercise,9038,I'm fine. And you?,,,,,,این جمله رو با صدای بلند بگو: I'm fine. And you?
9043,1,order,exercise,9038,این عبارت رو با کلماتش بچین.,And|you?,,,,,And you? از دو تا کلمه ساخته شده: And و you?.
9044,1,multiple_choice,exercise,9038,«And ___» که یعنی «تو چی؟»، کدوم کلمه‌ست؟,fine|you?|tired,1,,,,And you? یعنی تو چی؟ — کلمه‌ی دومش «you?»ه.
9046,1,true_false,preview,9045,Please یعنی «لطفاً»، درست یا غلط؟,,true,,,,Please یعنی لطفاً.
9045,1,multiple_choice,main,,Please یعنی چی؟,لطفاً|تو چی؟|سلام,0,,,,Please یعنی لطفاً.
9047,1,match_pairs,exercise,9045,هر عبارت را به معنی فارسی‌اش وصل کن.,Please↔لطفاً|Hello↔سلام|I'm tired↔خسته‌ام,,,,,هر عبارت رو با معنی فارسیش جفت کن.
9048,1,speech_recognition,exercise,9045,Please,,,,,,بگو: Please
9049,1,type_answer,exercise,9045,«لطفاً» به انگلیسی چیه؟ تایپش کن.,Please,,,,,Please یعنی لطفاً.
9051,1,true_false,preview,9050,Thank you یعنی «ممنون»، درست یا غلط؟,,true,,,,Thank you یعنی ممنون.
9050,1,multiple_choice,main,,Thank you یعنی چی؟,ممنون|لطفاً|تو چی؟,0,,,,Thank you یعنی ممنون.
9052,1,match_pairs,exercise,9050,هر عبارت را به معنی فارسی‌اش وصل کن.,Thank you↔ممنون|How are you?↔حالت چطوره؟|Good morning↔صبح بخیر,,,,,هر عبارت رو با معنی فارسیش جفت کن.
9053,1,speech_recognition,exercise,9050,Thank you,,,,,,بگو: Thank you
9054,1,multiple_choice,exercise,9050,کدوم گزینه یعنی «ممنون»؟,Thank you|Please|Hello,0,,,,Thank you یعنی ممنون.
9055,1,order,exercise,9050,این عبارت رو با کلماتش بچین.,Thank|you,,,,,Thank you از دو تا کلمه ساخته شده: Thank و you.
9056,1,multiple_choice,exercise,9050,«Thank ___» که یعنی «ممنون»، کدوم کلمه‌ست؟,fine|morning|you,2,,,,Thank you یعنی ممنون — کلمه‌ی دومش «you»یه.
9058,1,true_false,preview,9057,You're welcome یعنی «خواهش می‌کنم»، درست یا غلط؟,,true,,,,You're welcome یعنی خواهش می‌کنم.
9057,1,multiple_choice,main,,You're welcome یعنی چی؟,خواهش می‌کنم|ممنون|لطفاً,0,,,,You're welcome یعنی خواهش می‌کنم.
9059,1,order,exercise,9057,جمله را به ترتیب درستش بچین.,Thank you.|You're welcome.,,,,,این یه جفت جواب طبیعیه: یکی تشکر می‌کنه، اون یکی جواب می‌ده.
9060,1,match_pairs,exercise,9057,هر عبارت را به معنی فارسی‌اش وصل کن.,You're welcome↔خواهش می‌کنم|Hello↔سلام|Please↔لطفاً,,,,,هر عبارت رو با معنی فارسیش جفت کن.
9061,1,speech_recognition,exercise,9057,You're welcome,,,,,,بگو: You're welcome
9062,1,order,exercise,9057,این عبارت رو با کلماتش بچین.,You're|welcome,,,,,You're welcome از دو تا کلمه ساخته شده: You're و welcome.
9063,1,multiple_choice,exercise,9057,«You're ___» که یعنی «خواهش می‌کنم»، کدوم کلمه‌ست؟,tired|welcome|fine,1,,,,You're welcome یعنی خواهش می‌کنم — کلمه‌ی دومش «welcome»ه.
9065,1,true_false,preview,9064,Yes یعنی «بله»، درست یا غلط؟,,true,,,,Yes یعنی بله.
9064,1,multiple_choice,main,,Yes یعنی چی؟,بله|خواهش می‌کنم|ممنون,0,,,,Yes یعنی بله.
9066,1,order,exercise,9064,جمله را به ترتیب درستش بچین.,"Yes,|Thank you",,,,,وقتی چیزی رو قبول می‌کنی و ممنون هم هستی.
9067,1,match_pairs,exercise,9064,هر عبارت را به معنی فارسی‌اش وصل کن.,Yes↔بله|Good morning↔صبح بخیر|I'm fine↔خوبم,,,,,هر عبارت رو با معنی فارسیش جفت کن.
9068,1,speech_recognition,exercise,9064,Yes,,,,,,بگو: Yes
9070,1,true_false,preview,9069,No یعنی «نه»، درست یا غلط؟,,true,,,,No یعنی نه.
9069,1,multiple_choice,main,,No یعنی چی؟,نه|بله|خواهش می‌کنم,0,,,,No یعنی نه.
9071,1,order,exercise,9069,جمله را به ترتیب درستش بچین.,"No,|Thank you",,,,,وقتی چیزی رو رد می‌کنی ولی بازم مودبانه تشکر می‌کنی.
9072,1,match_pairs,exercise,9069,هر عبارت را به معنی فارسی‌اش وصل کن.,No↔نه|Hello↔سلام|You're welcome↔خواهش می‌کنم,,,,,هر عبارت رو با معنی فارسیش جفت کن.
9073,1,speech_recognition,exercise,9069,No,,,,,,بگو: No
9075,1,true_false,preview,9074,Excuse me یعنی «ببخشید»، درست یا غلط؟,,true,,,,Excuse me یعنی ببخشید.
9074,1,multiple_choice,main,,Excuse me یعنی چی؟,ببخشید|نه|بله,0,,,,Excuse me یعنی ببخشید — برای جلب توجه.
9076,1,match_pairs,exercise,9074,هر عبارت را به معنی فارسی‌اش وصل کن.,Excuse me↔ببخشید|How are you?↔حالت چطوره؟|Please↔لطفاً,,,,,هر عبارت رو با معنی فارسیش جفت کن.
9077,1,speech_recognition,exercise,9074,Excuse me,,,,,,بگو: Excuse me
9078,1,type_answer,exercise,9074,«ببخشید» به انگلیسی چیه؟ تایپش کن.,Excuse me,,,,,Excuse me یعنی ببخشید.
9079,1,order,exercise,9074,این عبارت رو با کلماتش بچین.,Excuse|me,,,,,Excuse me از دو تا کلمه ساخته شده: Excuse و me.
9080,1,multiple_choice,exercise,9074,«Excuse ___» که یعنی «ببخشید»، کدوم کلمه‌ست؟,fine|me|morning,1,,,,Excuse me یعنی ببخشید — کلمه‌ی دومش «me»یه.
9082,1,true_false,preview,9081,Sorry یعنی «متاسفم»، درست یا غلط؟,,true,,,,Sorry یعنی متاسفم.
9081,1,multiple_choice,main,,Sorry یعنی چی؟,متاسفم|ببخشید|نه,0,,,,Sorry یعنی متاسفم — برای عذرخواهی، نه جلب توجه.
9083,1,match_pairs,exercise,9081,هر عبارت را به معنی فارسی‌اش وصل کن.,Sorry↔متاسفم|Excuse me↔ببخشید|Hello↔سلام,,,,,هر عبارت رو با معنی فارسیش جفت کن.
9084,1,speech_recognition,exercise,9081,Sorry,,,,,,بگو: Sorry
9085,1,type_answer,exercise,9081,«متاسفم» به انگلیسی چیه؟ تایپش کن.,Sorry,,,,,Sorry یعنی متاسفم.
9087,1,true_false,preview,9086,Goodbye یعنی «خداحافظ»، درست یا غلط؟,,true,,,,Goodbye یعنی خداحافظ.
9086,1,multiple_choice,main,,Goodbye یعنی چی؟,خداحافظ|متاسفم|ببخشید,0,,,,Goodbye یعنی خداحافظ.
9088,1,match_pairs,exercise,9086,هر عبارت را به معنی فارسی‌اش وصل کن.,Goodbye↔خداحافظ|Hello↔سلام|How are you?↔حالت چطوره؟|You're welcome↔خواهش می‌کنم,,,,,هر عبارت رو با معنی فارسیش جفت کن.
9089,1,speech_recognition,exercise,9086,Goodbye,,,,,,بگو: Goodbye
9090,1,type_answer,exercise,9086,«خداحافظ» به انگلیسی چیه؟ تایپش کن.,Goodbye,,,,,Goodbye یعنی خداحافظ.
9815,2,true_false,preview,9816,I یعنی «من»، درست یا غلط؟,,true,,,,I یعنی من.
9816,2,multiple_choice,main,,I یعنی چی؟,من|هستم,0,,,,I یعنی من.
9817,2,speech_recognition,exercise,9816,I,,,,,,بگو: I
9818,2,speech_recognition,exercise,9816,I,,,,,,دوباره تمرین کن: I
9819,2,type_answer,exercise,9816,«من» رو به انگلیسی بنویس.,I,,,,,I
9820,2,true_false,preview,9821,am یعنی «هستم»، درست یا غلط؟,,true,,,,am یعنی هستم.
9821,2,multiple_choice,main,,am یعنی چی؟,هستم|من,0,,,,am یعنی هستم — فعل ربطی بعد از I.
9822,2,order,exercise,9821,جمله را به ترتیب درستش بچین.,I|am,,,,,I و am کنار هم میان: I am.
9823,2,speech_recognition,exercise,9821,I am,,,,,,این عبارت رو با صدای بلند بگو: I am
9824,2,match_pairs,exercise,9821,هر عبارت را به معنی فارسی‌اش وصل کن.,am↔هستم|I↔من,,,,,هر عبارت رو با معنی فارسیش جفت کن.
9825,2,true_false,preview,9826,My یعنی «مال من»، درست یا غلط؟,,true,,,,My یعنی مال من.
9826,2,multiple_choice,main,,My یعنی چی؟,مال من|هستم,0,,,,My یعنی مال من — برای گفتن مالکیت.
9827,2,speech_recognition,exercise,9826,My,,,,,,بگو: My
9828,2,match_pairs,exercise,9826,هر عبارت را به معنی فارسی‌اش وصل کن.,My↔مال من|I↔من|am↔هستم,,,,,هر عبارت رو با معنی فارسیش جفت کن.
9829,2,multiple_choice,exercise,9826,کدوم گزینه یعنی «مال من»؟,am|I|My,2,,,,My یعنی مال من.
9830,2,true_false,preview,9831,name یعنی «اسم»، درست یا غلط؟,,true,,,,name یعنی اسم.
9831,2,multiple_choice,main,,name یعنی چی؟,اسم|مال من,0,,,,name یعنی اسم.
9832,2,order,exercise,9831,جمله را به ترتیب درستش بچین.,My|name,,,,,My و name کنار هم میان: My name.
9833,2,speech_recognition,exercise,9831,My name,,,,,,این عبارت رو با صدای بلند بگو: My name
9834,2,match_pairs,exercise,9831,هر عبارت را به معنی فارسی‌اش وصل کن.,name↔اسم|I↔من|My↔مال من,,,,,هر عبارت رو با معنی فارسیش جفت کن.
9835,2,true_false,preview,9836,is یعنی «هست»، درست یا غلط؟,,true,,,,is یعنی هست.
9836,2,multiple_choice,main,,is یعنی چی؟,هست|اسم,0,,,,is هم مثل am فعل ربطیه، ولی بعد از اسم‌های سوم‌شخص میاد.
9837,2,order,exercise,9836,جمله را به ترتیب درستش بچین.,My|name|is,,,,,My + name + is رو کنار هم میچینی: My name is.
9838,2,type_answer,exercise,9836,«اسمم سارا هست» رو به انگلیسی بنویس.,My name is Sara,,,,,My name is Sara
9839,2,type_answer,exercise,9836,«اسمم علی هست» رو به انگلیسی بنویس.,My name is Ali,,,,,My name is Ali
9840,2,speech_recognition,exercise,9836,My name is Sara,,,,,,این جمله رو با صدای بلند بگو: My name is Sara
9841,2,match_pairs,exercise,9836,هر عبارت را به معنی فارسی‌اش وصل کن.,is↔هست|name↔اسم|am↔هستم,,,,,هر عبارت رو با معنی فارسیش جفت کن.
9842,2,true_false,preview,9843,from یعنی «از»، درست یا غلط؟,,true,,,,from یعنی از.
9843,2,multiple_choice,main,,from یعنی چی؟,از|هست|اسم,0,,,,from یعنی از — برای گفتن اهل کجا بودن.
9844,2,order,exercise,9843,جمله را به ترتیب درستش بچین.,I|am|from,,,,,I + am + from رو کنار هم میچینی: I am from.
9845,2,type_answer,exercise,9843,«من اهل ایران هستم» رو به انگلیسی بنویس.,I am from Iran,,,,,I am from Iran
9846,2,type_answer,exercise,9843,«من اهل تهران هستم» رو به انگلیسی بنویس.,I am from Tehran,,,,,I am from Tehran
9847,2,speech_recognition,exercise,9843,I am from Iran,,,,,,این جمله رو با صدای بلند بگو: I am from Iran
9848,2,match_pairs,exercise,9843,هر عبارت را به معنی فارسی‌اش وصل کن.,from↔از|I↔من|is↔هست,,,,,هر عبارت رو با معنی فارسیش جفت کن.
9849,2,true_false,preview,9850,staying یعنی «اقامت»، درست یا غلط؟,,true,,,,staying یعنی اقامت.
9850,2,multiple_choice,main,,staying یعنی چی؟,اقامت|از|هست,0,,,,staying یعنی اقامت — اقامت داشتن یه جایی.
9851,2,speech_recognition,exercise,9850,staying,,,,,,بگو: staying
9852,2,match_pairs,exercise,9850,هر عبارت را به معنی فارسی‌اش وصل کن.,staying↔اقامت|from↔از|name↔اسم,,,,,هر عبارت رو با معنی فارسیش جفت کن.
9853,2,multiple_choice,exercise,9850,کدوم گزینه یعنی «اقامت»؟,staying|is|from,0,,,,staying یعنی اقامت.
9854,2,true_false,preview,9855,in یعنی «در»، درست یا غلط؟,,true,,,,in یعنی در.
9855,2,multiple_choice,main,,in یعنی چی؟,در|اقامت|از,0,,,,in یعنی در — داخل یه جا.
9856,2,order,exercise,9855,جمله را به ترتیب درستش بچین.,I|am|staying|in,,,,,I + am + staying + in رو کنار هم میچینی.
9857,2,type_answer,exercise,9855,«من در تهران اقامت دارم» رو به انگلیسی بنویس.,I am staying in Tehran,,,,,I am staying in Tehran
9858,2,type_answer,exercise,9855,«من در شیراز اقامت دارم» رو به انگلیسی بنویس.,I am staying in Shiraz,,,,,I am staying in Shiraz
9859,2,speech_recognition,exercise,9855,I am staying in Tehran,,,,,,این جمله رو با صدای بلند بگو: I am staying in Tehran
9860,2,match_pairs,exercise,9855,هر عبارت را به معنی فارسی‌اش وصل کن.,in↔در|staying↔اقامت|from↔از|I↔من,,,,,هر عبارت رو با معنی فارسیش جفت کن.
9861,2,true_false,preview,9862,Nice to meet you یعنی «خوشحالم»، درست یا غلط؟,,true,,,,Nice to meet you یعنی خوشحالم.
9862,2,multiple_choice,main,,Nice to meet you یعنی چی؟,خوشحالم|در|اقامت,0,,,,این یه عبارت ثابته که موقع آشنایی می‌گیم.
9863,2,order,exercise,9862,جمله را به ترتیب درستش بچین.,My|name|is|Sara.|Nice to meet you.,,,,,بعد از گفتن اسمت، این جمله رو برای خوشحالی از آشنایی می‌گی.
9864,2,speech_recognition,exercise,9862,Nice to meet you,,,,,,بگو: Nice to meet you
9865,2,match_pairs,exercise,9862,هر عبارت را به معنی فارسی‌اش وصل کن.,Nice to meet you↔خوشحالم|I↔من|am↔هستم,,,,,هر عبارت رو با معنی فارسیش جفت کن.
11539,5,true_false,preview,11540,Passport یعنی «پاسپورت»، درست یا غلط؟,,true,,,,Passport یعنی پاسپورت.
11540,5,multiple_choice,main,,Passport یعنی چی؟,پاسپورت|و نیم|ساعته,0,,,,Passport یعنی پاسپورت.
11541,5,order,exercise,11540,جمله را به ترتیب درستش بچین.,"Passport,|Please",,,,,این جمله رو با کلماتی که تا الان یاد گرفتی می‌سازی. معنیش: پاسپورت، لطفاً
11542,5,speech_recognition,exercise,11540,"Passport, Please",,,,,,"این جمله رو با صدای بلند بگو: Passport, Please"
11543,5,type_answer,exercise,11540,«پاسپورت، لطفاً» رو به انگلیسی بنویس.,"Passport, Please",,,,,"Passport, Please"
11544,5,multiple_choice,exercise,11540,کدوم گزینه یعنی «پاسپورت»؟,Passport|Too expensive|Two,0,,,,Passport یعنی پاسپورت.
11545,5,match_pairs,exercise,11540,هر عبارت را به معنی فارسی‌اش وصل کن.,Passport↔پاسپورت|Too expensive↔خیلی گرونه|One↔یک,,,,,هر عبارت رو با معنی فارسیش جفت کن.
11546,5,speech_recognition,exercise,11540,Passport,,,,,,بگو: Passport
11547,5,listening_card,exercise,11540,,select|Passport|quarter to|o'clock,0,,gen_3_18_122.wav,,عبارتی که شنیدید: Passport (پاسپورت)
11548,5,true_false,preview,11549,Boarding pass یعنی «کارت پرواز»، درست یا غلط؟,,true,,,,Boarding pass یعنی کارت پرواز.
11549,5,multiple_choice,main,,Boarding pass یعنی چی؟,کارت پرواز|و ربع|ربع به,0,,,,Boarding pass یعنی کارت پرواز.
11550,5,order,exercise,11549,جمله را به ترتیب درستش بچین.,"Boarding pass,|Please",,,,,این جمله رو با کلماتی که تا الان یاد گرفتی می‌سازی. معنیش: کارت پرواز، لطفاً
11551,5,speech_recognition,exercise,11549,"Boarding pass, Please",,,,,,"این جمله رو با صدای بلند بگو: Boarding pass, Please"
11552,5,multiple_choice,exercise,11549,کدوم گزینه یعنی «کارت پرواز»؟,quarter to|Boarding pass|Yesterday,1,,,,Boarding pass یعنی کارت پرواز.
11553,5,match_pairs,exercise,11549,هر عبارت را به معنی فارسی‌اش وصل کن.,Boarding pass↔کارت پرواز|One↔یک|Tomorrow↔فردا,,,,,هر عبارت رو با معنی فارسیش جفت کن.
11554,5,speech_recognition,exercise,11549,Boarding pass,,,,,,بگو: Boarding pass
11555,5,listening_card,exercise,11549,,select|Two|Boarding pass|Today,1,,gen_3_18_131.wav,,عبارتی که شنیدید: Boarding pass (کارت پرواز)
11556,5,true_false,preview,11557,Where is the یعنی «کجاست»، درست یا غلط؟,,true,,,,Where is the یعنی کجاست.
11557,5,multiple_choice,main,,Where is the یعنی چی؟,کجاست|کارت پرواز|ساعته,0,,,,Where is the یعنی کجاست.
11558,5,speech_recognition,exercise,11557,Where is the,,,,,,دوباره تمرین کن: Where is the
11559,5,match_pairs,exercise,11557,هر عبارت را به معنی فارسی‌اش وصل کن.,Where is the↔کجاست|How much is↔چقدره|What time is it?↔ساعت چنده؟,,,,,هر عبارت رو با معنی فارسیش جفت کن.
11560,5,speech_recognition,exercise,11557,Where is the,,,,,,بگو: Where is the
11561,5,type_answer,exercise,11557,«کجاست» به انگلیسی چیه؟ تایپش کن.,Where is the,,,,,Where is the یعنی کجاست.
11562,5,listening_card,exercise,11557,,select|Where is the|Boarding pass|Change,0,,gen_3_18_139.wav,,عبارتی که شنیدید: Where is the (کجاست)
11563,5,true_false,preview,11564,Gate یعنی «گیت»، درست یا غلط؟,,true,,,,Gate یعنی گیت.
11564,5,multiple_choice,main,,Gate یعنی چی؟,گیت|و ربع|چقدره,0,,,,Gate یعنی گیت.
11565,5,order,exercise,11564,جمله را به ترتیب درستش بچین.,Where is the|Gate?,,,,,این جمله رو با کلماتی که تا الان یاد گرفتی می‌سازی. معنیش: گیت کجاست؟
11566,5,speech_recognition,exercise,11564,Where is the Gate?,,,,,,این جمله رو با صدای بلند بگو: Where is the Gate?
11567,5,type_answer,exercise,11564,«گیت کجاست؟» رو به انگلیسی بنویس.,Where is the Gate?,,,,,Where is the Gate?
11568,5,multiple_choice,exercise,11564,کدوم گزینه یعنی «گیت»؟,Gate|quarter past|It's,0,,,,Gate یعنی گیت.
11569,5,match_pairs,exercise,11564,هر عبارت را به معنی فارسی‌اش وصل کن.,Gate↔گیت|Three↔سه|One↔یک,,,,,هر عبارت رو با معنی فارسیش جفت کن.
11570,5,speech_recognition,exercise,11564,Gate,,,,,,بگو: Gate
11571,5,listening_card,exercise,11564,,select|Today|Gate|It's,1,,gen_3_18_146.wav,,عبارتی که شنیدید: Gate (گیت)
11572,5,true_false,preview,11573,Suitcase یعنی «چمدون»، درست یا غلط؟,,true,,,,Suitcase یعنی چمدون.
11573,5,multiple_choice,main,,Suitcase یعنی چی؟,چمدون|ساعت چنده؟|گیت,0,,,,Suitcase یعنی چمدون.
11574,5,order,exercise,11573,جمله را به ترتیب درستش بچین.,Where is the|Suitcase?,,,,,این جمله رو با کلماتی که تا الان یاد گرفتی می‌سازی. معنیش: چمدون کجاست؟
11575,5,speech_recognition,exercise,11573,Where is the Suitcase?,,,,,,این جمله رو با صدای بلند بگو: Where is the Suitcase?
11576,5,multiple_choice,exercise,11573,کدوم گزینه یعنی «چمدون»؟,Suitcase|Passport|Tomorrow,0,,,,Suitcase یعنی چمدون.
11577,5,match_pairs,exercise,11573,هر عبارت را به معنی فارسی‌اش وصل کن.,Suitcase↔چمدون|Two↔دو|quarter to↔ربع به,,,,,هر عبارت رو با معنی فارسیش جفت کن.
11578,5,speech_recognition,exercise,11573,Suitcase,,,,,,بگو: Suitcase
11579,5,listening_card,exercise,11573,,select|Two|Yesterday|Suitcase,2,,gen_3_18_155.wav,,عبارتی که شنیدید: Suitcase (چمدون)
11580,6,true_false,preview,11581,I need یعنی «نیاز دارم»، درست یا غلط؟,,true,,,,I need یعنی نیاز دارم.
11581,6,multiple_choice,main,,I need یعنی چی؟,نیاز دارم|سه|ساعته,0,,,,I need یعنی نیاز دارم.
11582,6,multiple_choice,exercise,11581,کدوم گزینه یعنی «نیاز دارم»؟,I need|Change|Passport,0,,,,I need یعنی نیاز دارم.
11583,6,match_pairs,exercise,11581,هر عبارت را به معنی فارسی‌اش وصل کن.,I need↔نیاز دارم|Boarding pass↔کارت پرواز|Gate↔گیت,,,,,هر عبارت رو با معنی فارسیش جفت کن.
11584,6,speech_recognition,exercise,11581,I need,,,,,,بگو: I need
11585,6,type_answer,exercise,11581,«نیاز دارم» به انگلیسی چیه؟ تایپش کن.,I need,,,,,I need یعنی نیاز دارم.
11586,6,listening_card,exercise,11581,,select|I need|Two|One,0,,gen_3_18_163.wav,,عبارتی که شنیدید: I need (نیاز دارم)
11587,6,true_false,preview,11588,Taxi یعنی «تاکسی»، درست یا غلط؟,,true,,,,Taxi یعنی تاکسی.
11588,6,multiple_choice,main,,Taxi یعنی چی؟,تاکسی|ساعت|فردا,0,,,,Taxi یعنی تاکسی.
11589,6,order,exercise,11588,جمله را به ترتیب درستش بچین.,I need|a|Taxi,,,,,این جمله رو با کلماتی که تا الان یاد گرفتی می‌سازی. معنیش: نیاز دارم به تاکسی
11590,6,speech_recognition,exercise,11588,I need a Taxi,,,,,,این جمله رو با صدای بلند بگو: I need a Taxi
11591,6,select_blank,exercise,11588,I need a ___,Two|Yesterday|Taxi,2,,,,این جمله رو با کلماتی که تا الان یاد گرفتی می‌سازی. معنیش: نیاز دارم به تاکسی
11592,6,multiple_choice,exercise,11588,کدوم گزینه یعنی «تاکسی»؟,Taxi|One|Too expensive,0,,,,Taxi یعنی تاکسی.
11593,6,match_pairs,exercise,11588,هر عبارت را به معنی فارسی‌اش وصل کن.,Taxi↔تاکسی|half past↔و نیم|One↔یک,,,,,هر عبارت رو با معنی فارسیش جفت کن.
11594,6,speech_recognition,exercise,11588,Taxi,,,,,,بگو: Taxi
11595,6,listening_card,exercise,11588,,select|It's|Taxi|One,1,,gen_3_18_170.wav,,عبارتی که شنیدید: Taxi (تاکسی)
11596,6,true_false,preview,11597,Bus یعنی «اتوبوس»، درست یا غلط؟,,true,,,,Bus یعنی اتوبوس.
11597,6,multiple_choice,main,,Bus یعنی چی؟,اتوبوس|نیاز دارم|پاسپورت,0,,,,Bus یعنی اتوبوس.
11598,6,order,exercise,11597,جمله را به ترتیب درستش بچین.,Where is the|Bus?,,,,,این جمله رو با کلماتی که تا الان یاد گرفتی می‌سازی. معنیش: اتوبوس کجاست؟
11599,6,speech_recognition,exercise,11597,Where is the Bus?,,,,,,این جمله رو با صدای بلند بگو: Where is the Bus?
11600,6,multiple_choice,exercise,11597,کدوم گزینه یعنی «اتوبوس»؟,Taxi|This|Bus,2,,,,Bus یعنی اتوبوس.
11601,6,match_pairs,exercise,11597,هر عبارت را به معنی فارسی‌اش وصل کن.,Bus↔اتوبوس|Gate↔گیت|Suitcase↔چمدون,,,,,هر عبارت رو با معنی فارسیش جفت کن.
11602,6,speech_recognition,exercise,11597,Bus,,,,,,بگو: Bus
11603,6,listening_card,exercise,11597,,select|quarter past|Bus|It's,1,,gen_3_18_179.wav,,عبارتی که شنیدید: Bus (اتوبوس)
11604,6,true_false,preview,11605,Straight ahead یعنی «مستقیم برو»، درست یا غلط؟,,true,,,,Straight ahead یعنی مستقیم برو.
11605,6,multiple_choice,main,,Straight ahead یعنی چی؟,مستقیم برو|این|دیروز,0,,,,Straight ahead یعنی مستقیم برو.
11606,6,multiple_choice,exercise,11605,کدوم گزینه یعنی «مستقیم برو»؟,Three|Tomorrow|Straight ahead,2,,,,Straight ahead یعنی مستقیم برو.
11607,6,match_pairs,exercise,11605,هر عبارت را به معنی فارسی‌اش وصل کن.,Straight ahead↔مستقیم برو|Tomorrow↔فردا|This↔این,,,,,هر عبارت رو با معنی فارسیش جفت کن.
11608,6,speech_recognition,exercise,11605,Straight ahead,,,,,,بگو: Straight ahead
11609,6,type_answer,exercise,11605,«مستقیم برو» به انگلیسی چیه؟ تایپش کن.,Straight ahead,,,,,Straight ahead یعنی مستقیم برو.
11610,6,listening_card,exercise,11605,,select|Straight ahead|half past|Too expensive,0,,gen_3_18_187.wav,,عبارتی که شنیدید: Straight ahead (مستقیم برو)
11611,6,true_false,preview,11612,Turn left یعنی «بپیچ چپ»، درست یا غلط؟,,true,,,,Turn left یعنی بپیچ چپ.
11612,6,multiple_choice,main,,Turn left یعنی چی؟,بپیچ چپ|این|چقدره,0,,,,Turn left یعنی بپیچ چپ.
11613,6,multiple_choice,exercise,11612,کدوم گزینه یعنی «بپیچ چپ»؟,half past|One|Turn left,2,,,,Turn left یعنی بپیچ چپ.
11614,6,match_pairs,exercise,11612,هر عبارت را به معنی فارسی‌اش وصل کن.,Turn left↔بپیچ چپ|Change↔پول خرد|I need↔نیاز دارم,,,,,هر عبارت رو با معنی فارسیش جفت کن.
11615,6,speech_recognition,exercise,11612,Turn left,,,,,,بگو: Turn left
11616,6,listening_card,exercise,11612,,select|Turn left|Suitcase|half past,0,,gen_3_18_194.wav,,عبارتی که شنیدید: Turn left (بپیچ چپ)
11617,6,true_false,preview,11618,Turn right یعنی «بپیچ راست»، درست یا غلط؟,,true,,,,Turn right یعنی بپیچ راست.
11618,6,multiple_choice,main,,Turn right یعنی چی؟,بپیچ راست|کجاست|دو,0,,,,Turn right یعنی بپیچ راست.
11619,6,multiple_choice,exercise,11618,کدوم گزینه یعنی «بپیچ راست»؟,Turn right|Turn left|Taxi,0,,,,Turn right یعنی بپیچ راست.
11620,6,match_pairs,exercise,11618,هر عبارت را به معنی فارسی‌اش وصل کن.,Turn right↔بپیچ راست|Taxi↔تاکسی|Suitcase↔چمدون,,,,,هر عبارت رو با معنی فارسیش جفت کن.
11621,6,speech_recognition,exercise,11618,Turn right,,,,,,بگو: Turn right
11622,6,listening_card,exercise,11618,,select|Turn right|Bus|Passport,0,,gen_3_18_200.wav,,عبارتی که شنیدید: Turn right (بپیچ راست)
11623,7,true_false,preview,11624,Room یعنی «اتاق»، درست یا غلط؟,,true,,,,Room یعنی اتاق.
11624,7,multiple_choice,main,,Room یعنی چی؟,اتاق|کارت پرواز|خیلی گرونه,0,,,,Room یعنی اتاق.
11625,7,order,exercise,11624,جمله را به ترتیب درستش بچین.,I want|a|Room,,,,,این جمله رو با کلماتی که تا الان یاد گرفتی می‌سازی. معنیش: اتاق می‌خوام
11626,7,speech_recognition,exercise,11624,I want a Room,,,,,,این جمله رو با صدای بلند بگو: I want a Room
11627,7,select_blank,exercise,11624,I want a ___,Room|It's|Tomorrow,0,,,,این جمله رو با کلماتی که تا الان یاد گرفتی می‌سازی. معنیش: اتاق می‌خوام
11628,7,type_answer,exercise,11624,«اتاق می‌خوام» رو به انگلیسی بنویس.,I want a Room,,,,,I want a Room
11629,7,multiple_choice,exercise,11624,کدوم گزینه یعنی «اتاق»؟,Too expensive|One|Room,2,,,,Room یعنی اتاق.
11630,7,match_pairs,exercise,11624,هر عبارت را به معنی فارسی‌اش وصل کن.,Room↔اتاق|half past↔و نیم|Turn left↔بپیچ چپ,,,,,هر عبارت رو با معنی فارسیش جفت کن.
11631,7,speech_recognition,exercise,11624,Room,,,,,,بگو: Room
11632,7,type_answer,exercise,11624,«اتاق» به انگلیسی چیه؟ تایپش کن.,Room,,,,,Room یعنی اتاق.
11633,7,listening_card,exercise,11624,,select|Turn left|Today|Room,2,,gen_3_18_206.wav,,عبارتی که شنیدید: Room (اتاق)
11634,7,true_false,preview,11635,I have یعنی «دارم»، درست یا غلط؟,,true,,,,I have یعنی دارم.
11635,7,multiple_choice,main,,I have یعنی چی؟,دارم|مستقیم برو|گیت,0,,,,I have یعنی دارم.
11636,7,multiple_choice,exercise,11635,کدوم گزینه یعنی «دارم»؟,Two|half past|I have,2,,,,I have یعنی دارم.
11637,7,match_pairs,exercise,11635,هر عبارت را به معنی فارسی‌اش وصل کن.,I have↔دارم|Where is the↔کجاست|o'clock↔ساعت,,,,,هر عبارت رو با معنی فارسیش جفت کن.
11638,7,speech_recognition,exercise,11635,I have,,,,,,بگو: I have
11639,7,listening_card,exercise,11635,,select|Today|I have|Tomorrow,1,,gen_3_18_217.wav,,عبارتی که شنیدید: I have (دارم)
11640,7,true_false,preview,11641,Reservation یعنی «رزرو»، درست یا غلط؟,,true,,,,Reservation یعنی رزرو.
11641,7,multiple_choice,main,,Reservation یعنی چی؟,رزرو|ساعت|این,0,,,,Reservation یعنی رزرو.
11642,7,order,exercise,11641,جمله را به ترتیب درستش بچین.,I have|a|Reservation,,,,,این جمله رو با کلماتی که تا الان یاد گرفتی می‌سازی. معنیش: رزرو دارم
11643,7,speech_recognition,exercise,11641,I have a Reservation,,,,,,این جمله رو با صدای بلند بگو: I have a Reservation
11644,7,select_blank,exercise,11641,I have a ___,Boarding pass|Turn right|Reservation,2,,,,این جمله رو با کلماتی که تا الان یاد گرفتی می‌سازی. معنیش: رزرو دارم
11645,7,multiple_choice,exercise,11641,کدوم گزینه یعنی «رزرو»؟,quarter past|Reservation|Change,1,,,,Reservation یعنی رزرو.
11646,7,match_pairs,exercise,11641,هر عبارت را به معنی فارسی‌اش وصل کن.,Reservation↔رزرو|o'clock↔ساعت|quarter to↔ربع به,,,,,هر عبارت رو با معنی فارسیش جفت کن.
11647,7,speech_recognition,exercise,11641,Reservation,,,,,,بگو: Reservation
11648,7,listening_card,exercise,11641,,select|quarter past|Reservation|quarter to,1,,gen_3_18_223.wav,,عبارتی که شنیدید: Reservation (رزرو)
11649,7,true_false,preview,11650,Key یعنی «کلید»، درست یا غلط؟,,true,,,,Key یعنی کلید.
11650,7,multiple_choice,main,,Key یعنی چی؟,کلید|این|کارت پرواز,0,,,,Key یعنی کلید.
11651,7,order,exercise,11650,جمله را به ترتیب درستش بچین.,"Key,|Please",,,,,این جمله رو با کلماتی که تا الان یاد گرفتی می‌سازی. معنیش: کلید، لطفاً
11652,7,speech_recognition,exercise,11650,"Key, Please",,,,,,"این جمله رو با صدای بلند بگو: Key, Please"
11653,7,type_answer,exercise,11650,«کلید، لطفاً» رو به انگلیسی بنویس.,"Key, Please",,,,,"Key, Please"
11654,7,multiple_choice,exercise,11650,کدوم گزینه یعنی «کلید»؟,quarter to|Key|Boarding pass,1,,,,Key یعنی کلید.
11655,7,match_pairs,exercise,11650,هر عبارت را به معنی فارسی‌اش وصل کن.,Key↔کلید|Yesterday↔دیروز|This↔این,,,,,هر عبارت رو با معنی فارسیش جفت کن.
11656,7,speech_recognition,exercise,11650,Key,,,,,,بگو: Key
11657,7,type_answer,exercise,11650,«کلید» به انگلیسی چیه؟ تایپش کن.,Key,,,,,Key یعنی کلید.
11658,7,listening_card,exercise,11650,,select|Boarding pass|Key|Turn left,1,,gen_3_18_232.wav,,عبارتی که شنیدید: Key (کلید)
11659,7,true_false,preview,11660,Broken یعنی «خرابه»، درست یا غلط؟,,true,,,,Broken یعنی خرابه.
11660,7,multiple_choice,main,,Broken یعنی چی؟,خرابه|ساعت|و نیم,0,,,,Broken یعنی خرابه.
11661,7,order,exercise,11660,جمله را به ترتیب درستش بچین.,This is|Broken,,,,,این جمله رو با کلماتی که تا الان یاد گرفتی می‌سازی. معنیش: این خرابه
11662,7,speech_recognition,exercise,11660,This is Broken,,,,,,این جمله رو با صدای بلند بگو: This is Broken
11663,7,select_blank,exercise,11660,This is ___,Turn right|Straight ahead|Broken,2,,,,این جمله رو با کلماتی که تا الان یاد گرفتی می‌سازی. معنیش: این خرابه
11664,7,multiple_choice,exercise,11660,کدوم گزینه یعنی «خرابه»؟,I need|Broken|Bus,1,,,,Broken یعنی خرابه.
11665,7,match_pairs,exercise,11660,هر عبارت را به معنی فارسی‌اش وصل کن.,Broken↔خرابه|Three↔سه|Turn left↔بپیچ چپ,,,,,هر عبارت رو با معنی فارسیش جفت کن.
11666,7,speech_recognition,exercise,11660,Broken,,,,,,بگو: Broken
11667,7,listening_card,exercise,11660,,select|Three|Broken|It's,1,,gen_3_18_242.wav,,عبارتی که شنیدید: Broken (خرابه)
11668,8,true_false,preview,11669,Menu یعنی «منو»، درست یا غلط؟,,true,,,,Menu یعنی منو.
11669,8,multiple_choice,main,,Menu یعنی چی؟,منو|این|مستقیم برو,0,,,,Menu یعنی منو.
11670,8,order,exercise,11669,جمله را به ترتیب درستش بچین.,"Menu,|Please",,,,,این جمله رو با کلماتی که تا الان یاد گرفتی می‌سازی. معنیش: منو، لطفاً
11671,8,speech_recognition,exercise,11669,"Menu, Please",,,,,,"این جمله رو با صدای بلند بگو: Menu, Please"
11672,8,type_answer,exercise,11669,«منو، لطفاً» رو به انگلیسی بنویس.,"Menu, Please",,,,,"Menu, Please"
11673,8,multiple_choice,exercise,11669,کدوم گزینه یعنی «منو»؟,Menu|This|One,0,,,,Menu یعنی منو.
11674,8,match_pairs,exercise,11669,هر عبارت را به معنی فارسی‌اش وصل کن.,Menu↔منو|I have↔دارم|Broken↔خرابه,,,,,هر عبارت رو با معنی فارسیش جفت کن.
11675,8,speech_recognition,exercise,11669,Menu,,,,,,بگو: Menu
11676,8,listening_card,exercise,11669,,select|I have|Menu|I need,1,,gen_3_18_251.wav,,عبارتی که شنیدید: Menu (منو)
11677,8,true_false,preview,11678,The bill یعنی «صورتحساب»، درست یا غلط؟,,true,,,,The bill یعنی صورتحساب.
11678,8,multiple_choice,main,,The bill یعنی چی؟,صورتحساب|اتاق|خیلی گرونه,0,,,,The bill یعنی صورتحساب.
11679,8,order,exercise,11678,جمله را به ترتیب درستش بچین.,"The bill,|Please",,,,,این جمله رو با کلماتی که تا الان یاد گرفتی می‌سازی. معنیش: صورتحساب، لطفاً
11680,8,speech_recognition,exercise,11678,"The bill, Please",,,,,,"این جمله رو با صدای بلند بگو: The bill, Please"
11681,8,multiple_choice,exercise,11678,کدوم گزینه یعنی «صورتحساب»؟,o'clock|The bill|Today,1,,,,The bill یعنی صورتحساب.
11682,8,match_pairs,exercise,11678,هر عبارت را به معنی فارسی‌اش وصل کن.,The bill↔صورتحساب|Room↔اتاق|quarter to↔ربع به,,,,,هر عبارت رو با معنی فارسیش جفت کن.
11683,8,speech_recognition,exercise,11678,The bill,,,,,,بگو: The bill
11684,8,type_answer,exercise,11678,«صورتحساب» به انگلیسی چیه؟ تایپش کن.,The bill,,,,,The bill یعنی صورتحساب.
11685,8,listening_card,exercise,11678,,select|Today|This|The bill,2,,gen_3_18_260.wav,,عبارتی که شنیدید: The bill (صورتحساب)
11686,8,true_false,preview,11687,Delicious یعنی «خوشمزه»، درست یا غلط؟,,true,,,,Delicious یعنی خوشمزه.
11687,8,multiple_choice,main,,Delicious یعنی چی؟,خوشمزه|صورتحساب|دارم,0,,,,Delicious یعنی خوشمزه.
11688,8,order,exercise,11687,جمله را به ترتیب درستش بچین.,This is|Delicious,,,,,این جمله رو با کلماتی که تا الان یاد گرفتی می‌سازی. معنیش: این خوشمزه‌ست
11689,8,speech_recognition,exercise,11687,This is Delicious,,,,,,این جمله رو با صدای بلند بگو: This is Delicious
11690,8,select_blank,exercise,11687,This is ___,Room|Straight ahead|Delicious,2,,,,این جمله رو با کلماتی که تا الان یاد گرفتی می‌سازی. معنیش: این خوشمزه‌ست
11691,8,type_answer,exercise,11687,«این خوشمزه‌ست» رو به انگلیسی بنویس.,This is Delicious,,,,,This is Delicious
11692,8,multiple_choice,exercise,11687,کدوم گزینه یعنی «خوشمزه»؟,Tomorrow|Delicious|Boarding pass,1,,,,Delicious یعنی خوشمزه.
11693,8,match_pairs,exercise,11687,هر عبارت را به معنی فارسی‌اش وصل کن.,Delicious↔خوشمزه|Three↔سه|Today↔امروز,,,,,هر عبارت رو با معنی فارسیش جفت کن.
11694,8,speech_recognition,exercise,11687,Delicious,,,,,,بگو: Delicious
11695,8,listening_card,exercise,11687,,select|Taxi|Too expensive|Delicious,2,,gen_3_18_269.wav,,عبارتی که شنیدید: Delicious (خوشمزه)
11696,8,true_false,preview,11697,Spicy یعنی «تند»، درست یا غلط؟,,true,,,,Spicy یعنی تند.
11697,8,multiple_choice,main,,Spicy یعنی چی؟,تند|رزرو|مستقیم برو,0,,,,Spicy یعنی تند.
11698,8,order,exercise,11697,جمله را به ترتیب درستش بچین.,This is|Spicy,,,,,این جمله رو با کلماتی که تا الان یاد گرفتی می‌سازی. معنیش: این تنده
11699,8,speech_recognition,exercise,11697,This is Spicy,,,,,,این جمله رو با صدای بلند بگو: This is Spicy
11700,8,select_blank,exercise,11697,This is ___,quarter past|Turn right|Spicy,2,,,,این جمله رو با کلماتی که تا الان یاد گرفتی می‌سازی. معنیش: این تنده
11701,8,multiple_choice,exercise,11697,کدوم گزینه یعنی «تند»؟,Spicy|quarter past|I have,0,,,,Spicy یعنی تند.
11702,8,match_pairs,exercise,11697,هر عبارت را به معنی فارسی‌اش وصل کن.,Spicy↔تند|The bill↔صورتحساب|Broken↔خرابه,,,,,هر عبارت رو با معنی فارسیش جفت کن.
11703,8,speech_recognition,exercise,11697,Spicy,,,,,,بگو: Spicy
11704,8,listening_card,exercise,11697,,select|Delicious|Spicy|Bus,1,,gen_3_18_279.wav,,عبارتی که شنیدید: Spicy (تند)
11705,8,true_false,preview,11706,Sweet یعنی «شیرین»، درست یا غلط؟,,true,,,,Sweet یعنی شیرین.
11706,8,multiple_choice,main,,Sweet یعنی چی؟,شیرین|خوشمزه|فردا,0,,,,Sweet یعنی شیرین.
11707,8,order,exercise,11706,جمله را به ترتیب درستش بچین.,This is|Sweet,,,,,این جمله رو با کلماتی که تا الان یاد گرفتی می‌سازی. معنیش: این شیرینه
11708,8,speech_recognition,exercise,11706,This is Sweet,,,,,,این جمله رو با صدای بلند بگو: This is Sweet
11709,8,select_blank,exercise,11706,This is ___,Sweet|One|Straight ahead,0,,,,این جمله رو با کلماتی که تا الان یاد گرفتی می‌سازی. معنیش: این شیرینه
11710,8,type_answer,exercise,11706,«این شیرینه» رو به انگلیسی بنویس.,This is Sweet,,,,,This is Sweet
11711,8,multiple_choice,exercise,11706,کدوم گزینه یعنی «شیرین»؟,Bus|Sweet|Three,1,,,,Sweet یعنی شیرین.
11712,8,match_pairs,exercise,11706,هر عبارت را به معنی فارسی‌اش وصل کن.,Sweet↔شیرین|Passport↔پاسپورت|o'clock↔ساعت,,,,,هر عبارت رو با معنی فارسیش جفت کن.
11713,8,speech_recognition,exercise,11706,Sweet,,,,,,بگو: Sweet
11714,8,type_answer,exercise,11706,«شیرین» به انگلیسی چیه؟ تایپش کن.,Sweet,,,,,Sweet یعنی شیرین.
11715,8,listening_card,exercise,11706,,select|Sweet|Room|I need,0,,gen_3_18_288.wav,,عبارتی که شنیدید: Sweet (شیرین)
11716,8,true_false,preview,11717,Sour یعنی «ترش»، درست یا غلط؟,,true,,,,Sour یعنی ترش.
11717,8,multiple_choice,main,,Sour یعنی چی؟,ترش|چقدره|خیلی گرونه,0,,,,Sour یعنی ترش.
11718,8,order,exercise,11717,جمله را به ترتیب درستش بچین.,This is|Sour,,,,,این جمله رو با کلماتی که تا الان یاد گرفتی می‌سازی. معنیش: این ترشه
11719,8,speech_recognition,exercise,11717,This is Sour,,,,,,این جمله رو با صدای بلند بگو: This is Sour
11720,8,select_blank,exercise,11717,This is ___,Sweet|Three|Sour,2,,,,این جمله رو با کلماتی که تا الان یاد گرفتی می‌سازی. معنیش: این ترشه
11721,8,multiple_choice,exercise,11717,کدوم گزینه یعنی «ترش»؟,Three|Sour|half past,1,,,,Sour یعنی ترش.
11722,8,match_pairs,exercise,11717,هر عبارت را به معنی فارسی‌اش وصل کن.,Sour↔ترش|I have↔دارم|I need↔نیاز دارم,,,,,هر عبارت رو با معنی فارسیش جفت کن.
11723,8,speech_recognition,exercise,11717,Sour,,,,,,بگو: Sour
11724,8,listening_card,exercise,11717,,select|Sour|quarter to|quarter past,0,,gen_3_18_299.wav,,عبارتی که شنیدید: Sour (ترش)
11725,8,true_false,preview,11726,Salty یعنی «شور»، درست یا غلط؟,,true,,,,Salty یعنی شور.
11726,8,multiple_choice,main,,Salty یعنی چی؟,شور|اتوبوس|منو,0,,,,Salty یعنی شور.
11727,8,order,exercise,11726,جمله را به ترتیب درستش بچین.,This is|Salty,,,,,این جمله رو با کلماتی که تا الان یاد گرفتی می‌سازی. معنیش: این شوره
11728,8,speech_recognition,exercise,11726,This is Salty,,,,,,این جمله رو با صدای بلند بگو: This is Salty
11729,8,select_blank,exercise,11726,This is ___,Room|Salty|Sweet,1,,,,این جمله رو با کلماتی که تا الان یاد گرفتی می‌سازی. معنیش: این شوره
11730,8,type_answer,exercise,11726,«این شوره» رو به انگلیسی بنویس.,This is Salty,,,,,This is Salty
11731,8,multiple_choice,exercise,11726,کدوم گزینه یعنی «شور»؟,Change|Salty|Sweet,1,,,,Salty یعنی شور.
11732,8,match_pairs,exercise,11726,هر عبارت را به معنی فارسی‌اش وصل کن.,Salty↔شور|Room↔اتاق|Today↔امروز,,,,,هر عبارت رو با معنی فارسیش جفت کن.
11733,8,speech_recognition,exercise,11726,Salty,,,,,,بگو: Salty
11734,8,listening_card,exercise,11726,,select|Salty|I need|Sour,0,,gen_3_18_308.wav,,عبارتی که شنیدید: Salty (شور)
11735,8,true_false,preview,11736,Bitter یعنی «تلخ»، درست یا غلط؟,,true,,,,Bitter یعنی تلخ.
11736,8,multiple_choice,main,,Bitter یعنی چی؟,تلخ|کلید|مستقیم برو,0,,,,Bitter یعنی تلخ.
11737,8,order,exercise,11736,جمله را به ترتیب درستش بچین.,This is|Bitter,,,,,این جمله رو با کلماتی که تا الان یاد گرفتی می‌سازی. معنیش: این تلخه
11738,8,speech_recognition,exercise,11736,This is Bitter,,,,,,این جمله رو با صدای بلند بگو: This is Bitter
11739,8,select_blank,exercise,11736,This is ___,Passport|Bitter|Two,1,,,,این جمله رو با کلماتی که تا الان یاد گرفتی می‌سازی. معنیش: این تلخه
11740,8,multiple_choice,exercise,11736,کدوم گزینه یعنی «تلخ»؟,Bitter|Today|Taxi,0,,,,Bitter یعنی تلخ.
11741,8,match_pairs,exercise,11736,هر عبارت را به معنی فارسی‌اش وصل کن.,Bitter↔تلخ|I need↔نیاز دارم|How much is↔چقدره,,,,,هر عبارت رو با معنی فارسیش جفت کن.
11742,8,speech_recognition,exercise,11736,Bitter,,,,,,بگو: Bitter
11743,8,type_answer,exercise,11736,«تلخ» به انگلیسی چیه؟ تایپش کن.,Bitter,,,,,Bitter یعنی تلخ.
11744,8,listening_card,exercise,11736,,select|Bitter|Gate|Delicious,0,,gen_3_18_318.wav,,عبارتی که شنیدید: Bitter (تلخ)
11745,9,true_false,preview,11746,Too big یعنی «خیلی بزرگه»، درست یا غلط؟,,true,,,,Too big یعنی خیلی بزرگه.
11746,9,multiple_choice,main,,Too big یعنی چی؟,خیلی بزرگه|مستقیم برو|این,0,,,,Too big یعنی خیلی بزرگه.
11747,9,order,exercise,11746,جمله را به ترتیب درستش بچین.,This is|Too big,,,,,این جمله رو با کلماتی که تا الان یاد گرفتی می‌سازی. معنیش: این خیلی بزرگه
11748,9,speech_recognition,exercise,11746,This is Too big,,,,,,این جمله رو با صدای بلند بگو: This is Too big
11749,9,select_blank,exercise,11746,This is ___,half past|quarter to|Too big,2,,,,این جمله رو با کلماتی که تا الان یاد گرفتی می‌سازی. معنیش: این خیلی بزرگه
11750,9,multiple_choice,exercise,11746,کدوم گزینه یعنی «خیلی بزرگه»؟,This|Straight ahead|Too big,2,,,,Too big یعنی خیلی بزرگه.
11751,9,match_pairs,exercise,11746,هر عبارت را به معنی فارسی‌اش وصل کن.,Too big↔خیلی بزرگه|Turn right↔بپیچ راست|o'clock↔ساعت,,,,,هر عبارت رو با معنی فارسیش جفت کن.
11752,9,speech_recognition,exercise,11746,Too big,,,,,,بگو: Too big
11753,9,listening_card,exercise,11746,,select|Delicious|Too big|Change,1,,gen_3_18_328.wav,,عبارتی که شنیدید: Too big (خیلی بزرگه)
11754,9,true_false,preview,11755,Too small یعنی «خیلی کوچیکه»، درست یا غلط؟,,true,,,,Too small یعنی خیلی کوچیکه.
11755,9,multiple_choice,main,,Too small یعنی چی؟,خیلی کوچیکه|تاکسی|بپیچ راست,0,,,,Too small یعنی خیلی کوچیکه.
11756,9,order,exercise,11755,جمله را به ترتیب درستش بچین.,This is|Too small,,,,,این جمله رو با کلماتی که تا الان یاد گرفتی می‌سازی. معنیش: این خیلی کوچیکه
11757,9,speech_recognition,exercise,11755,This is Too small,,,,,,این جمله رو با صدای بلند بگو: This is Too small
11758,9,select_blank,exercise,11755,This is ___,Too small|Menu|Three,0,,,,این جمله رو با کلماتی که تا الان یاد گرفتی می‌سازی. معنیش: این خیلی کوچیکه
11759,9,multiple_choice,exercise,11755,کدوم گزینه یعنی «خیلی کوچیکه»؟,It's|Too small|This,1,,,,Too small یعنی خیلی کوچیکه.
11760,9,match_pairs,exercise,11755,هر عبارت را به معنی فارسی‌اش وصل کن.,Too small↔خیلی کوچیکه|Two↔دو|Three↔سه,,,,,هر عبارت رو با معنی فارسیش جفت کن.
11761,9,speech_recognition,exercise,11755,Too small,,,,,,بگو: Too small
11762,9,listening_card,exercise,11755,,select|Bus|half past|Too small,2,,gen_3_18_337.wav,,عبارتی که شنیدید: Too small (خیلی کوچیکه)
11763,9,true_false,preview,11764,Discount یعنی «تخفیف»، درست یا غلط؟,,true,,,,Discount یعنی تخفیف.
11764,9,multiple_choice,main,,Discount یعنی چی؟,تخفیف|ربع به|مستقیم برو,0,,,,Discount یعنی تخفیف.
11765,9,order,exercise,11764,جمله را به ترتیب درستش بچین.,I want|a|Discount,,,,,این جمله رو با کلماتی که تا الان یاد گرفتی می‌سازی. معنیش: تخفیف می‌خوام
11766,9,speech_recognition,exercise,11764,I want a Discount,,,,,,این جمله رو با صدای بلند بگو: I want a Discount
11767,9,select_blank,exercise,11764,I want a ___,o'clock|Delicious|Discount,2,,,,این جمله رو با کلماتی که تا الان یاد گرفتی می‌سازی. معنیش: تخفیف می‌خوام
11768,9,type_answer,exercise,11764,«تخفیف می‌خوام» رو به انگلیسی بنویس.,I want a Discount,,,,,I want a Discount
11769,9,multiple_choice,exercise,11764,کدوم گزینه یعنی «تخفیف»؟,Discount|Straight ahead|o'clock,0,,,,Discount یعنی تخفیف.
11770,9,match_pairs,exercise,11764,هر عبارت را به معنی فارسی‌اش وصل کن.,Discount↔تخفیف|It's↔ساعته|Straight ahead↔مستقیم برو,,,,,هر عبارت رو با معنی فارسیش جفت کن.
11771,9,speech_recognition,exercise,11764,Discount,,,,,,بگو: Discount
11772,9,type_answer,exercise,11764,«تخفیف» به انگلیسی چیه؟ تایپش کن.,Discount,,,,,Discount یعنی تخفیف.
11773,9,listening_card,exercise,11764,,select|I need|Discount|o'clock,1,,gen_3_18_346.wav,,عبارتی که شنیدید: Discount (تخفیف)
11774,9,true_false,preview,11775,Cash یعنی «نقد»، درست یا غلط؟,,true,,,,Cash یعنی نقد.
11775,9,multiple_choice,main,,Cash یعنی چی؟,نقد|سه|بپیچ چپ,0,,,,Cash یعنی نقد.
11776,9,order,exercise,11775,جمله را به ترتیب درستش بچین.,I have|Cash,,,,,این جمله رو با کلماتی که تا الان یاد گرفتی می‌سازی. معنیش: نقد دارم
11777,9,speech_recognition,exercise,11775,I have Cash,,,,,,این جمله رو با صدای بلند بگو: I have Cash
11778,9,select_blank,exercise,11775,I have ___,Turn right|Broken|Cash,2,,,,این جمله رو با کلماتی که تا الان یاد گرفتی می‌سازی. معنیش: نقد دارم
11779,9,multiple_choice,exercise,11775,کدوم گزینه یعنی «نقد»؟,Turn left|Too expensive|Cash,2,,,,Cash یعنی نقد.
11780,9,match_pairs,exercise,11775,هر عبارت را به معنی فارسی‌اش وصل کن.,Cash↔نقد|Broken↔خرابه|Passport↔پاسپورت,,,,,هر عبارت رو با معنی فارسیش جفت کن.
11781,9,speech_recognition,exercise,11775,Cash,,,,,,بگو: Cash
11782,9,listening_card,exercise,11775,,select|Two|Cash|Sweet,1,,gen_3_18_357.wav,,عبارتی که شنیدید: Cash (نقد)
11783,9,true_false,preview,11784,Card یعنی «کارت»، درست یا غلط؟,,true,,,,Card یعنی کارت.
11784,9,multiple_choice,main,,Card یعنی چی؟,کارت|فردا|خیلی گرونه,0,,,,Card یعنی کارت.
11785,9,order,exercise,11784,جمله را به ترتیب درستش بچین.,I have|a|Card,,,,,این جمله رو با کلماتی که تا الان یاد گرفتی می‌سازی. معنیش: کارت دارم؛؛نقد دارم
11786,9,speech_recognition,exercise,11784,I have a Card,,,,,,این جمله رو با صدای بلند بگو: I have a Card
11787,9,select_blank,exercise,11784,I have a ___,Card|Cash|Spicy,0,,,,این جمله رو با کلماتی که تا الان یاد گرفتی می‌سازی. معنیش: کارت دارم؛؛نقد دارم
11788,9,order,exercise,11784,این جمله رو هم به ترتیب درستش بچین.,I have|Cash,,,,,این جمله رو با کلماتی که تا الان یاد گرفتی می‌سازی.
11789,9,multiple_choice,exercise,11784,کدوم گزینه یعنی «کارت»؟,Spicy|Taxi|Card,2,,,,Card یعنی کارت.
11790,9,match_pairs,exercise,11784,هر عبارت را به معنی فارسی‌اش وصل کن.,Card↔کارت|Room↔اتاق|Sweet↔شیرین,,,,,هر عبارت رو با معنی فارسیش جفت کن.
11791,9,speech_recognition,exercise,11784,Card,,,,,,بگو: Card
11792,9,listening_card,exercise,11784,,select|Change|Key|Card,2,,gen_3_18_366.wav,,عبارتی که شنیدید: Card (کارت)
11793,10,true_false,preview,11794,Nice weather یعنی «هوای خوبیه»، درست یا غلط؟,,true,,,,Nice weather یعنی هوای خوبیه.
11794,10,multiple_choice,main,,Nice weather یعنی چی؟,هوای خوبیه|چقدره|پول خرد,0,,,,Nice weather یعنی هوای خوبیه.
11795,10,multiple_choice,exercise,11794,کدوم گزینه یعنی «هوای خوبیه»؟,Reservation|Nice weather|quarter past,1,,,,Nice weather یعنی هوای خوبیه.
11796,10,match_pairs,exercise,11794,هر عبارت را به معنی فارسی‌اش وصل کن.,Nice weather↔هوای خوبیه|I have↔دارم|Room↔اتاق,,,,,هر عبارت رو با معنی فارسیش جفت کن.
11797,10,speech_recognition,exercise,11794,Nice weather,,,,,,بگو: Nice weather
11798,10,type_answer,exercise,11794,«هوای خوبیه» به انگلیسی چیه؟ تایپش کن.,Nice weather,,,,,Nice weather یعنی هوای خوبیه.
11799,10,listening_card,exercise,11794,,select|Nice weather|Two|Reservation,0,,gen_3_18_376.wav,,عبارتی که شنیدید: Nice weather (هوای خوبیه)
11800,10,true_false,preview,11801,I agree یعنی «موافقم»، درست یا غلط؟,,true,,,,I agree یعنی موافقم.
11801,10,multiple_choice,main,,I agree یعنی چی؟,موافقم|پاسپورت|خیلی گرونه,0,,,,I agree یعنی موافقم.
11802,10,multiple_choice,exercise,11801,کدوم گزینه یعنی «موافقم»؟,Too expensive|Turn left|I agree,2,,,,I agree یعنی موافقم.
11803,10,match_pairs,exercise,11801,هر عبارت را به معنی فارسی‌اش وصل کن.,I agree↔موافقم|Card↔کارت|Two↔دو,,,,,هر عبارت رو با معنی فارسیش جفت کن.
11804,10,speech_recognition,exercise,11801,I agree,,,,,,بگو: I agree
11805,10,listening_card,exercise,11801,,select|Turn left|Today|I agree,2,,gen_3_18_383.wav,,عبارتی که شنیدید: I agree (موافقم)
11806,10,true_false,preview,11807,I disagree یعنی «مخالفم»، درست یا غلط؟,,true,,,,I disagree یعنی مخالفم.
11807,10,multiple_choice,main,,I disagree یعنی چی؟,مخالفم|اتوبوس|چقدره,0,,,,I disagree یعنی مخالفم.
11808,10,multiple_choice,exercise,11807,کدوم گزینه یعنی «مخالفم»؟,Too small|quarter past|I disagree,2,,,,I disagree یعنی مخالفم.
11809,10,match_pairs,exercise,11807,هر عبارت را به معنی فارسی‌اش وصل کن.,I disagree↔مخالفم|Today↔امروز|Discount↔تخفیف,,,,,هر عبارت رو با معنی فارسیش جفت کن.
11810,10,speech_recognition,exercise,11807,I disagree,,,,,,بگو: I disagree
11811,10,listening_card,exercise,11807,,select|I agree|I disagree|o'clock,1,,gen_3_18_389.wav,,عبارتی که شنیدید: I disagree (مخالفم)
11812,10,true_false,preview,11813,No problem یعنی «مشکلی نیست»، درست یا غلط؟,,true,,,,No problem یعنی مشکلی نیست.
11813,10,multiple_choice,main,,No problem یعنی چی؟,مشکلی نیست|کجاست|اتوبوس,0,,,,No problem یعنی مشکلی نیست.
11814,10,order,exercise,11813,جمله را به ترتیب درستش بچین.,Sorry.|No problem.,,,,,این جمله رو با کلماتی که تا الان یاد گرفتی می‌سازی. معنیش: متاسفم. مشکلی نیست.
11815,10,speech_recognition,exercise,11813,Sorry. No problem.,,,,,,این جمله رو با صدای بلند بگو: Sorry. No problem.
11816,10,multiple_choice,exercise,11813,کدوم گزینه یعنی «مشکلی نیست»؟,I disagree|No problem|Two,1,,,,No problem یعنی مشکلی نیست.
11817,10,match_pairs,exercise,11813,هر عبارت را به معنی فارسی‌اش وصل کن.,No problem↔مشکلی نیست|o'clock↔ساعت|quarter past↔و ربع,,,,,هر عبارت رو با معنی فارسیش جفت کن.
11818,10,speech_recognition,exercise,11813,No problem,,,,,,بگو: No problem
11819,10,type_answer,exercise,11813,«مشکلی نیست» به انگلیسی چیه؟ تایپش کن.,No problem,,,,,No problem یعنی مشکلی نیست.
11820,10,listening_card,exercise,11813,,select|No problem|o'clock|Menu,0,,gen_3_18_395.wav,,عبارتی که شنیدید: No problem (مشکلی نیست)
11821,10,true_false,preview,11822,Congratulations یعنی «تبریک»، درست یا غلط؟,,true,,,,Congratulations یعنی تبریک.
11822,10,multiple_choice,main,,Congratulations یعنی چی؟,تبریک|هوای خوبیه|پاسپورت,0,,,,Congratulations یعنی تبریک.
11823,10,multiple_choice,exercise,11822,کدوم گزینه یعنی «تبریک»؟,Two|half past|Congratulations,2,,,,Congratulations یعنی تبریک.
11824,10,match_pairs,exercise,11822,هر عبارت را به معنی فارسی‌اش وصل کن.,Congratulations↔تبریک|I need↔نیاز دارم|Key↔کلید,,,,,هر عبارت رو با معنی فارسیش جفت کن.
11825,10,speech_recognition,exercise,11822,Congratulations,,,,,,بگو: Congratulations
11826,10,listening_card,exercise,11822,,select|Congratulations|I need|Salty,0,,gen_3_18_404.wav,,عبارتی که شنیدید: Congratulations (تبریک)
11827,11,true_false,preview,11828,I'm lost یعنی «گم شدم»، درست یا غلط؟,,true,,,,I'm lost یعنی گم شدم.
11828,11,multiple_choice,main,,I'm lost یعنی چی؟,گم شدم|و ربع|ترش,0,,,,I'm lost یعنی گم شدم.
11829,11,order,exercise,11828,جمله را به ترتیب درستش بچین.,"Excuse me,|I'm lost",,,,,این جمله رو با کلماتی که تا الان یاد گرفتی می‌سازی. معنیش: ببخشید، گم شدم
11830,11,speech_recognition,exercise,11828,"Excuse me, I'm lost",,,,,,"این جمله رو با صدای بلند بگو: Excuse me, I'm lost"
11831,11,select_blank,exercise,11828,"Excuse me, ___",I'm lost|Change|It's,0,,,,این جمله رو با کلماتی که تا الان یاد گرفتی می‌سازی. معنیش: ببخشید، گم شدم
11832,11,multiple_choice,exercise,11828,کدوم گزینه یعنی «گم شدم»؟,quarter to|Room|I'm lost,2,,,,I'm lost یعنی گم شدم.
11833,11,match_pairs,exercise,11828,هر عبارت را به معنی فارسی‌اش وصل کن.,I'm lost↔گم شدم|Tomorrow↔فردا|Suitcase↔چمدون,,,,,هر عبارت رو با معنی فارسیش جفت کن.
11834,11,speech_recognition,exercise,11828,I'm lost,,,,,,بگو: I'm lost
11835,11,listening_card,exercise,11828,,select|Spicy|Boarding pass|I'm lost,2,,gen_3_18_410.wav,,عبارتی که شنیدید: I'm lost (گم شدم)
11836,11,true_false,preview,11837,Can you help me? یعنی «کمکم کن»، درست یا غلط؟,,true,,,,Can you help me? یعنی کمکم کن.
11837,11,multiple_choice,main,,Can you help me? یعنی چی,کمکم کن|کجاست|اتوبوس,0,,,,Can you help me? یعنی کمکم کن.
11838,11,order,exercise,11837,جمله را به ترتیب درستش بچین.,I'm lost.|Can you help me?,,,,,این جمله رو با کلماتی که تا الان یاد گرفتی می‌سازی. معنیش: گم شدم. کمکم کن.
11839,11,speech_recognition,exercise,11837,I'm lost. Can you help me?,,,,,,این جمله رو با صدای بلند بگو: I'm lost. Can you help me?
11840,11,speech_recognition,exercise,11837,Can you help me?,,,,,,دوباره تمرین کن: Can you help me?
11841,11,match_pairs,exercise,11837,هر عبارت را به معنی فارسی‌اش وصل کن.,Can you help me?↔کمکم کن|Turn right↔بپیچ راست|Discount↔تخفیف,,,,,هر عبارت رو با معنی فارسیش جفت کن.
11842,11,speech_recognition,exercise,11837,Can you help me?,,,,,,بگو: Can you help me?
11843,11,type_answer,exercise,11837,«کمکم کن» به انگلیسی چیه؟ تایپش کن.,Can you help me?,,,,,Can you help me? یعنی کمکم کن.
11844,11,listening_card,exercise,11837,,select|Three|Can you help me?|half past,1,,gen_3_18_419.wav,,عبارتی که شنیدید: Can you help me? (کمکم کن)
11845,11,true_false,preview,11846,I don't understand یعنی «نمی‌فهمم»، درست یا غلط؟,,true,,,,I don't understand یعنی نمی‌فهمم.
11846,11,multiple_choice,main,,I don't understand یعنی چی؟,نمی‌فهمم|بپیچ چپ|چقدره,0,,,,I don't understand یعنی نمی‌فهمم.
11847,11,speech_recognition,exercise,11846,I don't understand,,,,,,دوباره تمرین کن: I don't understand
11848,11,match_pairs,exercise,11846,هر عبارت را به معنی فارسی‌اش وصل کن.,I don't understand↔نمی‌فهمم|Card↔کارت|How much is↔چقدره,,,,,هر عبارت رو با معنی فارسیش جفت کن.
11849,11,speech_recognition,exercise,11846,I don't understand,,,,,,بگو: I don't understand
11850,11,listening_card,exercise,11846,,select|I don't understand|Reservation|half past,0,,gen_3_18_428.wav,,عبارتی که شنیدید: I don't understand (نمی‌فهمم)
11851,11,true_false,preview,11852,Slower please یعنی «آروم‌تر لطفاً»، درست یا غلط؟,,true,,,,Slower please یعنی آروم‌تر لطفاً.
11852,11,multiple_choice,main,,Slower please یعنی چی؟,آروم‌تر لطفاً|مخالفم|ساعت,0,,,,Slower please یعنی آروم‌تر لطفاً.
11853,11,order,exercise,11852,جمله را به ترتیب درستش بچین.,I don't understand.|Slower please.,,,,,این جمله رو با کلماتی که تا الان یاد گرفتی می‌سازی. معنیش: نمی‌فهمم. آروم‌تر لطفاً.
11854,11,speech_recognition,exercise,11852,I don't understand. Slower please.,,,,,,این جمله رو با صدای بلند بگو: I don't understand. Slower please.
11855,11,multiple_choice,exercise,11852,کدوم گزینه یعنی «آروم‌تر لطفاً»؟,Slower please|Key|Too big,0,,,,Slower please یعنی آروم‌تر لطفاً.
11856,11,match_pairs,exercise,11852,هر عبارت را به معنی فارسی‌اش وصل کن.,Slower please↔آروم‌تر لطفاً|Too expensive↔خیلی گرونه|Yesterday↔دیروز,,,,,هر عبارت رو با معنی فارسیش جفت کن.
11857,11,speech_recognition,exercise,11852,Slower please,,,,,,بگو: Slower please
11858,11,listening_card,exercise,11852,,select|Cash|Slower please|Broken,1,,gen_3_18_434.wav,,عبارتی که شنیدید: Slower please (آروم‌تر لطفاً)
11859,11,true_false,preview,11860,Repeat please یعنی «تکرار کن لطفاً»، درست یا غلط؟,,true,,,,Repeat please یعنی تکرار کن لطفاً.
11860,11,speech_recognition,main,,Repeat please,,,,,,بگو: Repeat please
11861,11,multiple_choice,exercise,11860,کدوم گزینه یعنی «تکرار کن لطفاً»؟,Reservation|Room|Repeat please,2,,,,Repeat please یعنی تکرار کن لطفاً.
11862,11,match_pairs,exercise,11860,هر عبارت را به معنی فارسی‌اش وصل کن.,Repeat please↔تکرار کن لطفاً|I agree↔موافقم|Suitcase↔چمدون,,,,,هر عبارت رو با معنی فارسیش جفت کن.
11863,11,speech_recognition,exercise,11860,Repeat please,,,,,,بگو: Repeat please
11864,11,type_answer,exercise,11860,«تکرار کن لطفاً» به انگلیسی چیه؟ تایپش کن.,Repeat please,,,,,Repeat please یعنی تکرار کن لطفاً.
11865,11,listening_card,exercise,11860,,select|Repeat please|Yesterday|Broken,0,,gen_3_18_442.wav,,عبارتی که شنیدید: Repeat please (تکرار کن لطفاً)
11866,11,true_false,preview,11867,Bathroom یعنی «دستشویی»، درست یا غلط؟,,true,,,,Bathroom یعنی دستشویی.
11867,11,multiple_choice,main,,Bathroom یعنی چی؟,دستشویی|کلید|خیلی گرونه,0,,,,Bathroom یعنی دستشویی.
11868,11,order,exercise,11867,جمله را به ترتیب درستش بچین.,Where is the|Bathroom?,,,,,این جمله رو با کلماتی که تا الان یاد گرفتی می‌سازی. معنیش: دستشویی کجاست؟؛؛اتوبوس کجاست؟
11869,11,speech_recognition,exercise,11867,Where is the Bathroom?,,,,,,این جمله رو با صدای بلند بگو: Where is the Bathroom?
11870,11,order,exercise,11867,این جمله رو هم به ترتیب درستش بچین.,Where is the|Bus?,,,,,این جمله رو با کلماتی که تا الان یاد گرفتی می‌سازی.
11871,11,multiple_choice,exercise,11867,کدوم گزینه یعنی «دستشویی»؟,It's|Bathroom|Today,1,,,,Bathroom یعنی دستشویی.
11872,11,match_pairs,exercise,11867,هر عبارت را به معنی فارسی‌اش وصل کن.,Bathroom↔دستشویی|Spicy↔تند|Salty↔شور,,,,,هر عبارت رو با معنی فارسیش جفت کن.
11873,11,speech_recognition,exercise,11867,Bathroom,,,,,,بگو: Bathroom
11874,11,listening_card,exercise,11867,,select|Bathroom|I disagree|quarter past,0,,gen_3_18_449.wav,,عبارتی که شنیدید: Bathroom (دستشویی)
11875,11,true_false,preview,11876,I'm looking for یعنی «دنبال ... می‌گردم»، درست یا غلط؟,,true,,,,I'm looking for یعنی دنبال ... می‌گردم.
11876,11,speech_recognition,main,,I'm looking for,,,,,,بگو: I'm looking for
11877,11,speech_recognition,exercise,11876,I'm looking for,,,,,,دوباره تمرین کن: I'm looking for
11878,11,match_pairs,exercise,11876,هر عبارت را به معنی فارسی‌اش وصل کن.,I'm looking for↔دنبال ... می‌گردم|Turn left↔بپیچ چپ|quarter past↔و ربع,,,,,هر عبارت رو با معنی فارسیش جفت کن.
11879,11,speech_recognition,exercise,11876,I'm looking for,,,,,,بگو: I'm looking for
11880,11,listening_card,exercise,11876,,select|Reservation|I'm looking for|Repeat please,1,,gen_3_18_458.wav,,عبارتی که شنیدید: I'm looking for (دنبال ... می‌گردم)
11881,11,true_false,preview,11882,This address یعنی «این آدرس»، درست یا غلط؟,,true,,,,This address یعنی این آدرس.
11882,11,multiple_choice,main,,This address یعنی چی؟,این آدرس|دیروز|رزرو,0,,,,This address یعنی این آدرس.
11883,11,order,exercise,11882,جمله را به ترتیب درستش بچین.,I'm looking for|This address,,,,,این جمله رو با کلماتی که تا الان یاد گرفتی می‌سازی. معنیش: دنبال این آدرس می‌گردم
11884,11,speech_recognition,exercise,11882,I'm looking for This address,,,,,,این جمله رو با صدای بلند بگو: I'm looking for This address
11885,11,select_blank,exercise,11882,I'm looking for ___,Sweet|Straight ahead|This address,2,,,,این جمله رو با کلماتی که تا الان یاد گرفتی می‌سازی. معنیش: دنبال این آدرس می‌گردم
11886,11,multiple_choice,exercise,11882,کدوم گزینه یعنی «این آدرس»؟,Menu|This address|Cash,1,,,,This address یعنی این آدرس.
11887,11,match_pairs,exercise,11882,هر عبارت را به معنی فارسی‌اش وصل کن.,This address↔این آدرس|Key↔کلید|No problem↔مشکلی نیست,,,,,هر عبارت رو با معنی فارسیش جفت کن.
11888,11,speech_recognition,exercise,11882,This address,,,,,,بگو: This address
11889,11,type_answer,exercise,11882,«این آدرس» به انگلیسی چیه؟ تایپش کن.,This address,,,,,This address یعنی این آدرس.
11890,11,listening_card,exercise,11882,,select|I need|Yesterday|This address,2,,gen_3_18_464.wav,,عبارتی که شنیدید: This address (این آدرس)
11891,11,true_false,preview,11892,Is it far? یعنی «دوره؟»، درست یا غلط؟,,true,,,,Is it far? یعنی دوره؟.
11892,11,multiple_choice,main,,Is it far? یعنی چی,دوره؟|تلخ|رزرو,0,,,,Is it far? یعنی دوره؟.
11893,11,speech_recognition,exercise,11892,Is it far?,,,,,,دوباره تمرین کن: Is it far?
11894,11,match_pairs,exercise,11892,هر عبارت را به معنی فارسی‌اش وصل کن.,Is it far?↔دوره؟|One↔یک|Today↔امروز,,,,,هر عبارت رو با معنی فارسیش جفت کن.
11895,11,speech_recognition,exercise,11892,Is it far?,,,,,,بگو: Is it far?
11896,11,listening_card,exercise,11892,,select|Is it far?|Taxi|o'clock,0,,gen_3_18_474.wav,,عبارتی که شنیدید: Is it far? (دوره؟)
11897,12,true_false,preview,11898,SIM card یعنی «سیم کارت»، درست یا غلط؟,,true,,,,SIM card یعنی سیم کارت.
11898,12,multiple_choice,main,,SIM card یعنی چی؟,سیم کارت|خوشمزه|شور,0,,,,SIM card یعنی سیم کارت.
11899,12,order,exercise,11898,جمله را به ترتیب درستش بچین.,I want|a|SIM card,,,,,این جمله رو با کلماتی که تا الان یاد گرفتی می‌سازی. معنیش: سیم کارت می‌خوام
11900,12,speech_recognition,exercise,11898,I want a SIM card,,,,,,این جمله رو با صدای بلند بگو: I want a SIM card
11901,12,select_blank,exercise,11898,I want a ___,SIM card|quarter past|Key,0,,,,این جمله رو با کلماتی که تا الان یاد گرفتی می‌سازی. معنیش: سیم کارت می‌خوام
11902,12,multiple_choice,exercise,11898,کدوم گزینه یعنی «سیم کارت»؟,I agree|SIM card|Change,1,,,,SIM card یعنی سیم کارت.
11903,12,match_pairs,exercise,11898,هر عبارت را به معنی فارسی‌اش وصل کن.,SIM card↔سیم کارت|Delicious↔خوشمزه|No problem↔مشکلی نیست,,,,,هر عبارت رو با معنی فارسیش جفت کن.
11904,12,speech_recognition,exercise,11898,SIM card,,,,,,بگو: SIM card
11905,12,listening_card,exercise,11898,,select|I have|SIM card|Suitcase,1,,gen_3_18_480.wav,,عبارتی که شنیدید: SIM card (سیم کارت)
11906,12,true_false,preview,11907,Wifi password یعنی «رمز وای‌فای»، درست یا غلط؟,,true,,,,Wifi password یعنی رمز وای‌فای.
11907,12,multiple_choice,main,,Wifi password یعنی چی؟,رمز وای‌فای|ساعت چنده؟|کارت پرواز,0,,,,Wifi password یعنی رمز وای‌فای.
11908,12,order,exercise,11907,جمله را به ترتیب درستش بچین.,"Wifi password,|Please",,,,,این جمله رو با کلماتی که تا الان یاد گرفتی می‌سازی. معنیش: رمز وای‌فای، لطفاً
11909,12,speech_recognition,exercise,11907,"Wifi password, Please",,,,,,"این جمله رو با صدای بلند بگو: Wifi password, Please"
11910,12,type_answer,exercise,11907,«رمز وای‌فای، لطفاً» رو به انگلیسی بنویس.,"Wifi password, Please",,,,,"Wifi password, Please"
11911,12,multiple_choice,exercise,11907,کدوم گزینه یعنی «رمز وای‌فای»؟,Three|Nice weather|Wifi password,2,,,,Wifi password یعنی رمز وای‌فای.
11912,12,match_pairs,exercise,11907,هر عبارت را به معنی فارسی‌اش وصل کن.,Wifi password↔رمز وای‌فای|Turn left↔بپیچ چپ|The bill↔صورتحساب,,,,,هر عبارت رو با معنی فارسیش جفت کن.
11913,12,speech_recognition,exercise,11907,Wifi password,,,,,,بگو: Wifi password
11914,12,type_answer,exercise,11907,«رمز وای‌فای» به انگلیسی چیه؟ تایپش کن.,Wifi password,,,,,Wifi password یعنی رمز وای‌فای.
11915,12,listening_card,exercise,11907,,select|Wifi password|No problem|Too big,0,,gen_3_18_489.wav,,عبارتی که شنیدید: Wifi password (رمز وای‌فای)
11916,12,true_false,preview,11917,My phone number یعنی «شماره تلفن من»، درست یا غلط؟,,true,,,,My phone number یعنی شماره تلفن من.
11917,12,speech_recognition,main,,My phone number,,,,,,بگو: My phone number
11918,12,order,exercise,11917,جمله را به ترتیب درستش بچین.,This is|My phone number,,,,,این جمله رو با کلماتی که تا الان یاد گرفتی می‌سازی. معنیش: این شماره تلفن منه
11919,12,speech_recognition,exercise,11917,This is My phone number,,,,,,این جمله رو با صدای بلند بگو: This is My phone number
11920,12,speech_recognition,exercise,11917,My phone number,,,,,,دوباره تمرین کن: My phone number
11921,12,match_pairs,exercise,11917,هر عبارت را به معنی فارسی‌اش وصل کن.,My phone number↔شماره تلفن من|Change↔پول خرد|I disagree↔مخالفم,,,,,هر عبارت رو با معنی فارسیش جفت کن.
11922,12,speech_recognition,exercise,11917,My phone number,,,,,,بگو: My phone number
11923,12,listening_card,exercise,11917,,select|Turn left|My phone number|Gate,1,,gen_3_18_499.wav,,عبارتی که شنیدید: My phone number (شماره تلفن من)
11924,12,true_false,preview,11925,Charger یعنی «شارژر»، درست یا غلط؟,,true,,,,Charger یعنی شارژر.
11925,12,multiple_choice,main,,Charger یعنی چی؟,شارژر|شور|خیلی گرونه,0,,,,Charger یعنی شارژر.
11926,12,order,exercise,11925,جمله را به ترتیب درستش بچین.,I need|a|Charger,,,,,این جمله رو با کلماتی که تا الان یاد گرفتی می‌سازی. معنیش: نیاز دارم به شارژر؛؛نیاز دارم به تاکسی
11927,12,speech_recognition,exercise,11925,I need a Charger,,,,,,این جمله رو با صدای بلند بگو: I need a Charger
11928,12,select_blank,exercise,11925,I need a ___,Charger|Too expensive|Three,0,,,,این جمله رو با کلماتی که تا الان یاد گرفتی می‌سازی. معنیش: نیاز دارم به شارژر؛؛نیاز دارم به تاکسی
11929,12,order,exercise,11925,این جمله رو هم به ترتیب درستش بچین.,I need|a|Taxi,,,,,این جمله رو با کلماتی که تا الان یاد گرفتی می‌سازی.
11930,12,multiple_choice,exercise,11925,کدوم گزینه یعنی «شارژر»؟,Sour|Straight ahead|Charger,2,,,,Charger یعنی شارژر.
11931,12,match_pairs,exercise,11925,هر عبارت را به معنی فارسی‌اش وصل کن.,Charger↔شارژر|This address↔این آدرس|Is it far?↔دوره؟,,,,,هر عبارت رو با معنی فارسیش جفت کن.
11932,12,speech_recognition,exercise,11925,Charger,,,,,,بگو: Charger
11933,12,listening_card,exercise,11925,,select|quarter to|Slower please|Charger,2,,gen_3_18_507.wav,,عبارتی که شنیدید: Charger (شارژر)
11934,12,true_false,preview,11935,No signal یعنی «آنتن نداره»، درست یا غلط؟,,true,,,,No signal یعنی آنتن نداره.
11935,12,multiple_choice,main,,No signal یعنی چی؟,آنتن نداره|این آدرس|کجاست,0,,,,No signal یعنی آنتن نداره.
11936,12,multiple_choice,exercise,11935,کدوم گزینه یعنی «آنتن نداره»؟,I need|Sweet|No signal,2,,,,No signal یعنی آنتن نداره.
11937,12,match_pairs,exercise,11935,هر عبارت را به معنی فارسی‌اش وصل کن.,No signal↔آنتن نداره|Delicious↔خوشمزه|Change↔پول خرد,,,,,هر عبارت رو با معنی فارسیش جفت کن.
11938,12,speech_recognition,exercise,11935,No signal,,,,,,بگو: No signal
11939,12,type_answer,exercise,11935,«آنتن نداره» به انگلیسی چیه؟ تایپش کن.,No signal,,,,,No signal یعنی آنتن نداره.
11940,12,listening_card,exercise,11935,,select|No signal|Reservation|Cash,0,,gen_3_18_517.wav,,عبارتی که شنیدید: No signal (آنتن نداره)
11941,12,true_false,preview,11942,Battery یعنی «باتری»، درست یا غلط؟,,true,,,,Battery یعنی باتری.
11942,12,multiple_choice,main,,Battery یعنی چی؟,باتری|مخالفم|تبریک,0,,,,Battery یعنی باتری.
11943,12,multiple_choice,exercise,11942,کدوم گزینه یعنی «باتری»؟,Battery|Suitcase|Bathroom,0,,,,Battery یعنی باتری.
11944,12,match_pairs,exercise,11942,هر عبارت را به معنی فارسی‌اش وصل کن.,Battery↔باتری|I disagree↔مخالفم|Boarding pass↔کارت پرواز,,,,,هر عبارت رو با معنی فارسیش جفت کن.
11945,12,speech_recognition,exercise,11942,Battery,,,,,,بگو: Battery
11946,12,listening_card,exercise,11942,,select|quarter to|Battery|o'clock,1,,gen_3_18_524.wav,,عبارتی که شنیدید: Battery (باتری)
11947,13,true_false,preview,11948,Doctor یعنی «دکتر»، درست یا غلط؟,,true,,,,Doctor یعنی دکتر.
11948,13,multiple_choice,main,,Doctor یعنی چی؟,دکتر|مستقیم برو|بپیچ چپ,0,,,,Doctor یعنی دکتر.
11949,13,order,exercise,11948,جمله را به ترتیب درستش بچین.,I need|a|Doctor,,,,,این جمله رو با کلماتی که تا الان یاد گرفتی می‌سازی. معنیش: نیاز دارم به دکتر؛؛نیاز دارم به شارژر
11950,13,speech_recognition,exercise,11948,I need a Doctor,,,,,,این جمله رو با صدای بلند بگو: I need a Doctor
11951,13,select_blank,exercise,11948,I need a ___,Menu|Too big|Doctor,2,,,,این جمله رو با کلماتی که تا الان یاد گرفتی می‌سازی. معنیش: نیاز دارم به دکتر؛؛نیاز دارم به شارژر
11952,13,order,exercise,11948,این جمله رو هم به ترتیب درستش بچین.,I need|a|Charger,,,,,این جمله رو با کلماتی که تا الان یاد گرفتی می‌سازی.
11953,13,multiple_choice,exercise,11948,کدوم گزینه یعنی «دکتر»؟,Doctor|Cash|Turn left,0,,,,Doctor یعنی دکتر.
11954,13,match_pairs,exercise,11948,هر عبارت را به معنی فارسی‌اش وصل کن.,Doctor↔دکتر|Room↔اتاق|My phone number↔شماره تلفن من,,,,,هر عبارت رو با معنی فارسیش جفت کن.
11955,13,speech_recognition,exercise,11948,Doctor,,,,,,بگو: Doctor
11956,13,listening_card,exercise,11948,,select|Doctor|Delicious|I disagree,0,,gen_3_18_530.wav,,عبارتی که شنیدید: Doctor (دکتر)
11957,13,true_false,preview,11958,Pharmacy یعنی «داروخانه»، درست یا غلط؟,,true,,,,Pharmacy یعنی داروخانه.
11958,13,multiple_choice,main,,Pharmacy یعنی چی؟,داروخانه|خرابه|خیلی کوچیکه,0,,,,Pharmacy یعنی داروخانه.
11959,13,order,exercise,11958,جمله را به ترتیب درستش بچین.,Where is the|Pharmacy?,,,,,این جمله رو با کلماتی که تا الان یاد گرفتی می‌سازی. معنیش: داروخانه کجاست؟
11960,13,speech_recognition,exercise,11958,Where is the Pharmacy?,,,,,,این جمله رو با صدای بلند بگو: Where is the Pharmacy?
11961,13,type_answer,exercise,11958,«داروخانه کجاست؟» رو به انگلیسی بنویس.,Where is the Pharmacy?,,,,,Where is the Pharmacy?
11962,13,multiple_choice,exercise,11958,کدوم گزینه یعنی «داروخانه»؟,Broken|Pharmacy|This,1,,,,Pharmacy یعنی داروخانه.
11963,13,match_pairs,exercise,11958,هر عبارت را به معنی فارسی‌اش وصل کن.,Pharmacy↔داروخانه|No signal↔آنتن نداره|Change↔پول خرد,,,,,هر عبارت رو با معنی فارسیش جفت کن.
11964,13,speech_recognition,exercise,11958,Pharmacy,,,,,,بگو: Pharmacy
11965,13,type_answer,exercise,11958,«داروخانه» به انگلیسی چیه؟ تایپش کن.,Pharmacy,,,,,Pharmacy یعنی داروخانه.
11966,13,listening_card,exercise,11958,,select|Battery|Discount|Pharmacy,2,,gen_3_18_540.wav,,عبارتی که شنیدید: Pharmacy (داروخانه)
11967,13,true_false,preview,11968,It hurts یعنی «درد می‌کنه»، درست یا غلط؟,,true,,,,It hurts یعنی درد می‌کنه.
11968,13,multiple_choice,main,,It hurts یعنی چی؟,درد می‌کنه|هوای خوبیه|آنتن نداره,0,,,,It hurts یعنی درد می‌کنه.
11969,13,multiple_choice,exercise,11968,کدوم گزینه یعنی «درد می‌کنه»؟,I have|Battery|It hurts,2,,,,It hurts یعنی درد می‌کنه.
11970,13,match_pairs,exercise,11968,هر عبارت را به معنی فارسی‌اش وصل کن.,It hurts↔درد می‌کنه|half past↔و نیم|I'm lost↔گم شدم,,,,,هر عبارت رو با معنی فارسیش جفت کن.
11971,13,speech_recognition,exercise,11968,It hurts,,,,,,بگو: It hurts
11972,13,listening_card,exercise,11968,,select|One|Turn right|It hurts,2,,gen_3_18_550.wav,,عبارتی که شنیدید: It hurts (درد می‌کنه)
11973,13,true_false,preview,11974,I'm sick یعنی «مریضم»، درست یا غلط؟,,true,,,,I'm sick یعنی مریضم.
11974,13,multiple_choice,main,,I'm sick یعنی چی؟,مریضم|یک|خوشمزه,0,,,,I'm sick یعنی مریضم.
11975,13,order,exercise,11974,جمله را به ترتیب درستش بچین.,I'm sick.|I need|a|Doctor.,,,,,این جمله رو با کلماتی که تا الان یاد گرفتی می‌سازی. معنیش: مریضم. نیاز دارم به دکتر.
11976,13,speech_recognition,exercise,11974,I'm sick. I need a Doctor.,,,,,,این جمله رو با صدای بلند بگو: I'm sick. I need a Doctor.
11977,13,multiple_choice,exercise,11974,کدوم گزینه یعنی «مریضم»؟,I'm sick|No signal|Cash,0,,,,I'm sick یعنی مریضم.
11978,13,match_pairs,exercise,11974,هر عبارت را به معنی فارسی‌اش وصل کن.,I'm sick↔مریضم|Reservation↔رزرو|Where is the↔کجاست,,,,,هر عبارت رو با معنی فارسیش جفت کن.
11979,13,speech_recognition,exercise,11974,I'm sick,,,,,,بگو: I'm sick
11980,13,listening_card,exercise,11974,,select|Bitter|I'm sick|Slower please,1,,gen_3_18_556.wav,,عبارتی که شنیدید: I'm sick (مریضم)
11981,13,true_false,preview,11982,Call an ambulance یعنی «آمبولانس خبر کن»، درست یا غلط؟,,true,,,,Call an ambulance یعنی آمبولانس خبر کن.
11982,13,speech_recognition,main,,Call an ambulance,,,,,,بگو: Call an ambulance
11983,13,speech_recognition,exercise,11982,Call an ambulance,,,,,,دوباره تمرین کن: Call an ambulance
11984,13,match_pairs,exercise,11982,هر عبارت را به معنی فارسی‌اش وصل کن.,Call an ambulance↔آمبولانس خبر کن|Today↔امروز|Bathroom↔دستشویی,,,,,هر عبارت رو با معنی فارسیش جفت کن.
11985,13,speech_recognition,exercise,11982,Call an ambulance,,,,,,بگو: Call an ambulance
11986,13,type_answer,exercise,11982,«آمبولانس خبر کن» به انگلیسی چیه؟ تایپش کن.,Call an ambulance,,,,,Call an ambulance یعنی آمبولانس خبر کن.
11987,13,listening_card,exercise,11982,,select|Call an ambulance|No problem|Menu,0,,gen_3_18_564.wav,,عبارتی که شنیدید: Call an ambulance (آمبولانس خبر کن)
11988,13,true_false,preview,11989,I'm allergic to یعنی «حساسیت دارم به»، درست یا غلط؟,,true,,,,I'm allergic to یعنی حساسیت دارم به.
11989,13,speech_recognition,main,,I'm allergic to,,,,,,بگو: I'm allergic to
11990,13,speech_recognition,exercise,11989,I'm allergic to,,,,,,دوباره تمرین کن: I'm allergic to
11991,13,match_pairs,exercise,11989,هر عبارت را به معنی فارسی‌اش وصل کن.,I'm allergic to↔حساسیت دارم به|I need↔نیاز دارم|Discount↔تخفیف,,,,,هر عبارت رو با معنی فارسیش جفت کن.
11992,13,speech_recognition,exercise,11989,I'm allergic to,,,,,,بگو: I'm allergic to
11993,13,listening_card,exercise,11989,,select|I'm allergic to|Reservation|Card,0,,gen_3_18_571.wav,,عبارتی که شنیدید: I'm allergic to (حساسیت دارم به)
11994,14,true_false,preview,11995,Let's meet یعنی «بیا همو ببینیم»، درست یا غلط؟,,true,,,,Let's meet یعنی بیا همو ببینیم.
11995,14,speech_recognition,main,,Let's meet,,,,,,بگو: Let's meet
11996,14,multiple_choice,exercise,11995,کدوم گزینه یعنی «بیا همو ببینیم»؟,quarter past|Let's meet|Broken,1,,,,Let's meet یعنی بیا همو ببینیم.
11997,14,match_pairs,exercise,11995,هر عبارت را به معنی فارسی‌اش وصل کن.,Let's meet↔بیا همو ببینیم|It hurts↔درد می‌کنه|Too big↔خیلی بزرگه,,,,,هر عبارت رو با معنی فارسیش جفت کن.
11998,14,speech_recognition,exercise,11995,Let's meet,,,,,,بگو: Let's meet
11999,14,listening_card,exercise,11995,,select|Yesterday|half past|Let's meet,2,,gen_3_18_577.wav,,عبارتی که شنیدید: Let's meet (بیا همو ببینیم)
12000,14,true_false,preview,12001,What time works? یعنی «چه ساعتی خوبه؟»، درست یا غلط؟,,true,,,,What time works? یعنی چه ساعتی خوبه؟.
12001,14,speech_recognition,main,,What time works?,,,,,,بگو: What time works?
12002,14,order,exercise,12001,جمله را به ترتیب درستش بچین.,Let's meet.|What time works?,,,,,این جمله رو با کلماتی که تا الان یاد گرفتی می‌سازی. معنیش: بیا همو ببینیم. چه ساعتی خوبه؟
12003,14,speech_recognition,exercise,12001,Let's meet. What time works?,,,,,,این جمله رو با صدای بلند بگو: Let's meet. What time works?
12004,14,speech_recognition,exercise,12001,What time works?,,,,,,دوباره تمرین کن: What time works?
12005,14,match_pairs,exercise,12001,هر عبارت را به معنی فارسی‌اش وصل کن.,What time works?↔چه ساعتی خوبه؟|Card↔کارت|Congratulations↔تبریک,,,,,هر عبارت رو با معنی فارسیش جفت کن.
12006,14,speech_recognition,exercise,12001,What time works?,,,,,,بگو: What time works?
12007,14,type_answer,exercise,12001,«چه ساعتی خوبه؟» به انگلیسی چیه؟ تایپش کن.,What time works?,,,,,What time works? یعنی چه ساعتی خوبه؟.
12008,14,listening_card,exercise,12001,,select|What time works?|This address|Key,0,,gen_3_18_583.wav,,عبارتی که شنیدید: What time works? (چه ساعتی خوبه؟)
12009,14,true_false,preview,12010,I'm free یعنی «وقت دارم»، درست یا غلط؟,,true,,,,I'm free یعنی وقت دارم.
12010,14,multiple_choice,main,,I'm free یعنی چی؟,وقت دارم|دارم|بپیچ چپ,0,,,,I'm free یعنی وقت دارم.
12011,14,order,exercise,12010,جمله را به ترتیب درستش بچین.,"Tomorrow,|I'm free",,,,,این جمله رو با کلماتی که تا الان یاد گرفتی می‌سازی. معنیش: فردا وقت دارم
12012,14,speech_recognition,exercise,12010,"Tomorrow, I'm free",,,,,,"این جمله رو با صدای بلند بگو: Tomorrow, I'm free"
12013,14,select_blank,exercise,12010,"Tomorrow, ___",Broken|I'm sick|I'm free,2,,,,این جمله رو با کلماتی که تا الان یاد گرفتی می‌سازی. معنیش: فردا وقت دارم
12014,14,multiple_choice,exercise,12010,کدوم گزینه یعنی «وقت دارم»؟,Doctor|Room|I'm free,2,,,,I'm free یعنی وقت دارم.
12015,14,match_pairs,exercise,12010,هر عبارت را به معنی فارسی‌اش وصل کن.,I'm free↔وقت دارم|half past↔و نیم|Bus↔اتوبوس,,,,,هر عبارت رو با معنی فارسیش جفت کن.
12016,14,speech_recognition,exercise,12010,I'm free,,,,,,بگو: I'm free
12017,14,listening_card,exercise,12010,,select|Turn right|I'm free|This,1,,gen_3_18_592.wav,,عبارتی که شنیدید: I'm free (وقت دارم)
12018,14,true_false,preview,12019,I'm busy یعنی «سرم شلوغه»، درست یا غلط؟,,true,,,,I'm busy یعنی سرم شلوغه.
12019,14,multiple_choice,main,,I'm busy یعنی چی؟,سرم شلوغه|رزرو|شور,0,,,,I'm busy یعنی سرم شلوغه.
12020,14,order,exercise,12019,جمله را به ترتیب درستش بچین.,"Today,|I'm busy",,,,,این جمله رو با کلماتی که تا الان یاد گرفتی می‌سازی. معنیش: امروز سرم شلوغه
12021,14,speech_recognition,exercise,12019,"Today, I'm busy",,,,,,"این جمله رو با صدای بلند بگو: Today, I'm busy"
12022,14,select_blank,exercise,12019,"Today, ___",I'm busy|Discount|Change,0,,,,این جمله رو با کلماتی که تا الان یاد گرفتی می‌سازی. معنیش: امروز سرم شلوغه
12023,14,type_answer,exercise,12019,«امروز سرم شلوغه» رو به انگلیسی بنویس.,"Today, I'm busy",,,,,"Today, I'm busy"
12024,14,multiple_choice,exercise,12019,کدوم گزینه یعنی «سرم شلوغه»؟,I'm busy|Battery|Repeat please,0,,,,I'm busy یعنی سرم شلوغه.
12025,14,match_pairs,exercise,12019,هر عبارت را به معنی فارسی‌اش وصل کن.,I'm busy↔سرم شلوغه|Is it far?↔دوره؟|Change↔پول خرد,,,,,هر عبارت رو با معنی فارسیش جفت کن.
12026,14,speech_recognition,exercise,12019,I'm busy,,,,,,بگو: I'm busy
12027,14,listening_card,exercise,12019,,select|I'm busy|Cash|I disagree,0,,gen_3_18_601.wav,,عبارتی که شنیدید: I'm busy (سرم شلوغه)
12028,14,true_false,preview,12029,See you later یعنی «بعداً می‌بینمت»، درست یا غلط؟,,true,,,,See you later یعنی بعداً می‌بینمت.
12029,14,multiple_choice,main,,See you later یعنی چی؟,بعداً می‌بینمت|رمز وای‌فای|دکتر,0,,,,See you later یعنی بعداً می‌بینمت.
12030,14,speech_recognition,exercise,12029,See you later,,,,,,دوباره تمرین کن: See you later
12031,14,match_pairs,exercise,12029,هر عبارت را به معنی فارسی‌اش وصل کن.,See you later↔بعداً می‌بینمت|Menu↔منو|Wifi password↔رمز وای‌فای,,,,,هر عبارت رو با معنی فارسیش جفت کن.
12032,14,speech_recognition,exercise,12029,See you later,,,,,,بگو: See you later
12033,14,type_answer,exercise,12029,«بعداً می‌بینمت» به انگلیسی چیه؟ تایپش کن.,See you later,,,,,See you later یعنی بعداً می‌بینمت.
12034,14,listening_card,exercise,12029,,select|I agree|See you later|Key,1,,gen_3_18_611.wav,,عبارتی که شنیدید: See you later (بعداً می‌بینمت)
12035,15,true_false,preview,12036,I like یعنی «دوست دارم»، درست یا غلط؟,,true,,,,I like یعنی دوست دارم.
12036,15,multiple_choice,main,,I like یعنی چی؟,دوست دارم|خیلی گرونه|پول خرد,0,,,,I like یعنی دوست دارم.
12037,15,order,exercise,12036,جمله را به ترتیب درستش بچین.,I like|This,,,,,این جمله رو با کلماتی که تا الان یاد گرفتی می‌سازی. معنیش: این رو دوست دارم
12038,15,speech_recognition,exercise,12036,I like This,,,,,,این جمله رو با صدای بلند بگو: I like This
12039,15,select_blank,exercise,12036,___ This,I disagree|Bus|I like,2,,,,این جمله رو با کلماتی که تا الان یاد گرفتی می‌سازی. معنیش: این رو دوست دارم
12040,15,multiple_choice,exercise,12036,کدوم گزینه یعنی «دوست دارم»؟,Suitcase|One|I like,2,,,,I like یعنی دوست دارم.
12041,15,match_pairs,exercise,12036,هر عبارت را به معنی فارسی‌اش وصل کن.,I like↔دوست دارم|I have↔دارم|I'm lost↔گم شدم,,,,,هر عبارت رو با معنی فارسیش جفت کن.
12042,15,speech_recognition,exercise,12036,I like,,,,,,بگو: I like
12043,15,listening_card,exercise,12036,,select|Pharmacy|Broken|I like,2,,gen_3_18_618.wav,,عبارتی که شنیدید: I like (دوست دارم)
12044,15,true_false,preview,12045,I don't like یعنی «دوست ندارم»، درست یا غلط؟,,true,,,,I don't like یعنی دوست ندارم.
12045,15,multiple_choice,main,,I don't like یعنی چی؟,دوست ندارم|امروز|و نیم,0,,,,I don't like یعنی دوست ندارم.
12046,15,order,exercise,12045,جمله را به ترتیب درستش بچین.,I don't like|This,,,,,این جمله رو با کلماتی که تا الان یاد گرفتی می‌سازی. معنیش: این رو دوست ندارم
12047,15,speech_recognition,exercise,12045,I don't like This,,,,,,این جمله رو با صدای بلند بگو: I don't like This
12048,15,speech_recognition,exercise,12045,I don't like,,,,,,دوباره تمرین کن: I don't like
12049,15,match_pairs,exercise,12045,هر عبارت را به معنی فارسی‌اش وصل کن.,I don't like↔دوست ندارم|Too big↔خیلی بزرگه|Too small↔خیلی کوچیکه,,,,,هر عبارت رو با معنی فارسیش جفت کن.
12050,15,speech_recognition,exercise,12045,I don't like,,,,,,بگو: I don't like
12051,15,listening_card,exercise,12045,,select|Card|I don't like|Pharmacy,1,,gen_3_18_627.wav,,عبارتی که شنیدید: I don't like (دوست ندارم)
12052,15,true_false,preview,12053,Help یعنی «کمک»، درست یا غلط؟,,true,,,,Help یعنی کمک.
12053,15,multiple_choice,main,,Help یعنی چی؟,کمک|وقت دارم|خیلی گرونه,0,,,,Help یعنی کمک.
12054,15,multiple_choice,exercise,12053,کدوم گزینه یعنی «کمک»؟,Room|I'm lost|Help,2,,,,Help یعنی کمک.
12055,15,match_pairs,exercise,12053,هر عبارت را به معنی فارسی‌اش وصل کن.,Help↔کمک|It hurts↔درد می‌کنه|Card↔کارت,,,,,هر عبارت رو با معنی فارسیش جفت کن.
12056,15,speech_recognition,exercise,12053,Help,,,,,,بگو: Help
12057,15,type_answer,exercise,12053,«کمک» به انگلیسی چیه؟ تایپش کن.,Help,,,,,Help یعنی کمک.
12058,15,listening_card,exercise,12053,,select|Help|I have|Room,0,,gen_3_18_635.wav,,عبارتی که شنیدید: Help (کمک)
12059,15,true_false,preview,12060,I can یعنی «می‌تونم»، درست یا غلط؟,,true,,,,I can یعنی می‌تونم.
12060,15,multiple_choice,main,,I can یعنی چی؟,می‌تونم|تلخ|وقت دارم,0,,,,I can یعنی می‌تونم.
12061,15,order,exercise,12060,جمله را به ترتیب درستش بچین.,I can|Help,,,,,این جمله رو با کلماتی که تا الان یاد گرفتی می‌سازی. معنیش: می‌تونم کمک کنم
12062,15,speech_recognition,exercise,12060,I can Help,,,,,,این جمله رو با صدای بلند بگو: I can Help
12063,15,select_blank,exercise,12060,___ Help,I can|Spicy|Repeat please,0,,,,این جمله رو با کلماتی که تا الان یاد گرفتی می‌سازی. معنیش: می‌تونم کمک کنم
12064,15,multiple_choice,exercise,12060,کدوم گزینه یعنی «می‌تونم»؟,Change|I can|The bill,1,,,,I can یعنی می‌تونم.
12065,15,match_pairs,exercise,12060,هر عبارت را به معنی فارسی‌اش وصل کن.,I can↔می‌تونم|Two↔دو|Is it far?↔دوره؟,,,,,هر عبارت رو با معنی فارسیش جفت کن.
12066,15,speech_recognition,exercise,12060,I can,,,,,,بگو: I can
12067,15,listening_card,exercise,12060,,select|Battery|I'm busy|I can,2,,gen_3_18_642.wav,,عبارتی که شنیدید: I can (می‌تونم)
12068,15,true_false,preview,12069,Understand یعنی «می‌فهمم»، درست یا غلط؟,,true,,,,Understand یعنی می‌فهمم.
12069,15,multiple_choice,main,,Understand یعنی چی؟,می‌فهمم|داروخانه|رمز وای‌فای,0,,,,Understand یعنی می‌فهمم.
12070,15,multiple_choice,exercise,12069,کدوم گزینه یعنی «می‌فهمم»؟,Battery|Boarding pass|Understand,2,,,,Understand یعنی می‌فهمم.
12071,15,match_pairs,exercise,12069,هر عبارت را به معنی فارسی‌اش وصل کن.,Understand↔می‌فهمم|Key↔کلید|quarter to↔ربع به,,,,,هر عبارت رو با معنی فارسیش جفت کن.
12072,15,speech_recognition,exercise,12069,Understand,,,,,,بگو: Understand
12073,15,listening_card,exercise,12069,,select|SIM card|Taxi|Understand,2,,gen_3_18_651.wav,,عبارتی که شنیدید: Understand (می‌فهمم)
12074,15,true_false,preview,12075,I can't یعنی «نمی‌تونم»، درست یا غلط؟,,true,,,,I can't یعنی نمی‌تونم.
12075,15,multiple_choice,main,,I can't یعنی چی؟,نمی‌تونم|ساعت|دستشویی,0,,,,I can't یعنی نمی‌تونم.
12076,15,order,exercise,12075,جمله را به ترتیب درستش بچین.,I can't|Understand,,,,,این جمله رو با کلماتی که تا الان یاد گرفتی می‌سازی. معنیش: نمی‌تونم بفهمم
12077,15,speech_recognition,exercise,12075,I can't Understand,,,,,,این جمله رو با صدای بلند بگو: I can't Understand
12078,15,select_blank,exercise,12075,___ Understand,Bathroom|Change|I can't,2,,,,این جمله رو با کلماتی که تا الان یاد گرفتی می‌سازی. معنیش: نمی‌تونم بفهمم
12079,15,type_answer,exercise,12075,«نمی‌تونم بفهمم» رو به انگلیسی بنویس.,I can't Understand,,,,,I can't Understand
12080,15,multiple_choice,exercise,12075,کدوم گزینه یعنی «نمی‌تونم»؟,Broken|I'm free|I can't,2,,,,I can't یعنی نمی‌تونم.
12081,15,match_pairs,exercise,12075,هر عبارت را به معنی فارسی‌اش وصل کن.,I can't↔نمی‌تونم|Nice weather↔هوای خوبیه|Too big↔خیلی بزرگه,,,,,هر عبارت رو با معنی فارسیش جفت کن.
12082,15,speech_recognition,exercise,12075,I can't,,,,,,بگو: I can't
12083,15,type_answer,exercise,12075,«نمی‌تونم» به انگلیسی چیه؟ تایپش کن.,I can't,,,,,I can't یعنی نمی‌تونم.
12084,15,listening_card,exercise,12075,,select|I can't|No signal|Yesterday,0,,gen_3_18_657.wav,,عبارتی که شنیدید: I can't (نمی‌تونم)
12085,16,true_false,preview,12086,Big یعنی «بزرگ»، درست یا غلط؟,,true,,,,Big یعنی بزرگ.
12086,16,multiple_choice,main,,Big یعنی چی؟,بزرگ|دوست دارم|بپیچ چپ,0,,,,Big یعنی بزرگ.
12087,16,order,exercise,12086,جمله را به ترتیب درستش بچین.,This is|Big,,,,,این جمله رو با کلماتی که تا الان یاد گرفتی می‌سازی. معنیش: این بزرگه
12088,16,speech_recognition,exercise,12086,This is Big,,,,,,این جمله رو با صدای بلند بگو: This is Big
12089,16,select_blank,exercise,12086,This is ___,Big|Too big|Battery,0,,,,این جمله رو با کلماتی که تا الان یاد گرفتی می‌سازی. معنیش: این بزرگه
12090,16,multiple_choice,exercise,12086,کدوم گزینه یعنی «بزرگ»؟,Sweet|Big|I can't,1,,,,Big یعنی بزرگ.
12091,16,match_pairs,exercise,12086,هر عبارت را به معنی فارسی‌اش وصل کن.,Big↔بزرگ|Three↔سه|Yesterday↔دیروز,,,,,هر عبارت رو با معنی فارسیش جفت کن.
12092,16,speech_recognition,exercise,12086,Big,,,,,,بگو: Big
12093,16,listening_card,exercise,12086,,select|Big|Tomorrow|Turn left,0,,gen_3_18_668.wav,,عبارتی که شنیدید: Big (بزرگ)
12094,16,true_false,preview,12095,Small یعنی «کوچیک»، درست یا غلط؟,,true,,,,Small یعنی کوچیک.
12095,16,multiple_choice,main,,Small یعنی چی؟,کوچیک|خرابه|اتاق,0,,,,Small یعنی کوچیک.
12096,16,order,exercise,12095,جمله را به ترتیب درستش بچین.,This is|Small,,,,,این جمله رو با کلماتی که تا الان یاد گرفتی می‌سازی. معنیش: این کوچیکه
12097,16,speech_recognition,exercise,12095,This is Small,,,,,,این جمله رو با صدای بلند بگو: This is Small
12098,16,select_blank,exercise,12095,This is ___,Small|Bitter|One,0,,,,این جمله رو با کلماتی که تا الان یاد گرفتی می‌سازی. معنیش: این کوچیکه
12099,16,type_answer,exercise,12095,«این کوچیکه» رو به انگلیسی بنویس.,This is Small,,,,,This is Small
12100,16,multiple_choice,exercise,12095,کدوم گزینه یعنی «کوچیک»؟,Small|Boarding pass|It's,0,,,,Small یعنی کوچیک.
12101,16,match_pairs,exercise,12095,هر عبارت را به معنی فارسی‌اش وصل کن.,Small↔کوچیک|Yesterday↔دیروز|What time works?↔چه ساعتی خوبه؟,,,,,هر عبارت رو با معنی فارسیش جفت کن.
12102,16,speech_recognition,exercise,12095,Small,,,,,,بگو: Small
12103,16,listening_card,exercise,12095,,select|Small|No problem|Menu,0,,gen_3_18_677.wav,,عبارتی که شنیدید: Small (کوچیک)
12104,16,true_false,preview,12105,Beautiful یعنی «قشنگ»، درست یا غلط؟,,true,,,,Beautiful یعنی قشنگ.
12105,16,multiple_choice,main,,Beautiful یعنی چی؟,قشنگ|دارم|کلید,0,,,,Beautiful یعنی قشنگ.
12106,16,order,exercise,12105,جمله را به ترتیب درستش بچین.,This is|Beautiful,,,,,این جمله رو با کلماتی که تا الان یاد گرفتی می‌سازی. معنیش: این قشنگه
12107,16,speech_recognition,exercise,12105,This is Beautiful,,,,,,این جمله رو با صدای بلند بگو: This is Beautiful
12108,16,select_blank,exercise,12105,This is ___,Beautiful|I can|half past,0,,,,این جمله رو با کلماتی که تا الان یاد گرفتی می‌سازی. معنیش: این قشنگه
12109,16,multiple_choice,exercise,12105,کدوم گزینه یعنی «قشنگ»؟,Beautiful|Menu|I'm lost,0,,,,Beautiful یعنی قشنگ.
12110,16,match_pairs,exercise,12105,هر عبارت را به معنی فارسی‌اش وصل کن.,Beautiful↔قشنگ|Sweet↔شیرین|I'm busy↔سرم شلوغه,,,,,هر عبارت رو با معنی فارسیش جفت کن.
12111,16,speech_recognition,exercise,12105,Beautiful,,,,,,بگو: Beautiful
12112,16,type_answer,exercise,12105,«قشنگ» به انگلیسی چیه؟ تایپش کن.,Beautiful,,,,,Beautiful یعنی قشنگ.
12113,16,listening_card,exercise,12105,,select|Suitcase|Straight ahead|Beautiful,2,,gen_3_18_687.wav,,عبارتی که شنیدید: Beautiful (قشنگ)
12114,16,true_false,preview,12115,Cheap یعنی «ارزون»، درست یا غلط؟,,true,,,,Cheap یعنی ارزون.
12115,16,multiple_choice,main,,Cheap یعنی چی؟,ارزون|موافقم|نمی‌تونم,0,,,,Cheap یعنی ارزون.
12116,16,order,exercise,12115,جمله را به ترتیب درستش بچین.,This is|Cheap,,,,,این جمله رو با کلماتی که تا الان یاد گرفتی می‌سازی. معنیش: این ارزونه
12117,16,speech_recognition,exercise,12115,This is Cheap,,,,,,این جمله رو با صدای بلند بگو: This is Cheap
12118,16,select_blank,exercise,12115,This is ___,Gate|Cheap|This,1,,,,این جمله رو با کلماتی که تا الان یاد گرفتی می‌سازی. معنیش: این ارزونه
12119,16,type_answer,exercise,12115,«این ارزونه» رو به انگلیسی بنویس.,This is Cheap,,,,,This is Cheap
12120,16,multiple_choice,exercise,12115,کدوم گزینه یعنی «ارزون»؟,Turn left|Help|Cheap,2,,,,Cheap یعنی ارزون.
12121,16,match_pairs,exercise,12115,هر عبارت را به معنی فارسی‌اش وصل کن.,Cheap↔ارزون|Turn right↔بپیچ راست|No signal↔آنتن نداره,,,,,هر عبارت رو با معنی فارسیش جفت کن.
12122,16,speech_recognition,exercise,12115,Cheap,,,,,,بگو: Cheap
12123,16,listening_card,exercise,12115,,select|Key|Cheap|The bill,1,,gen_3_18_697.wav,,عبارتی که شنیدید: Cheap (ارزون)
12124,17,true_false,preview,12125,Exit یعنی «خروجی»، درست یا غلط؟,,true,,,,Exit یعنی خروجی.
12125,17,multiple_choice,main,,Exit یعنی چی؟,خروجی|رزرو|تبریک,0,,,,Exit یعنی خروجی.
12126,17,order,exercise,12125,جمله را به ترتیب درستش بچین.,Where is the|Exit?,,,,,این جمله رو با کلماتی که تا الان یاد گرفتی می‌سازی. معنیش: خروجی کجاست؟
12127,17,speech_recognition,exercise,12125,Where is the Exit?,,,,,,این جمله رو با صدای بلند بگو: Where is the Exit?
12128,17,multiple_choice,exercise,12125,کدوم گزینه یعنی «خروجی»؟,Exit|No problem|Gate,0,,,,Exit یعنی خروجی.
12129,17,match_pairs,exercise,12125,هر عبارت را به معنی فارسی‌اش وصل کن.,Exit↔خروجی|Today↔امروز|Help↔کمک,,,,,هر عبارت رو با معنی فارسیش جفت کن.
12130,17,speech_recognition,exercise,12125,Exit,,,,,,بگو: Exit
12131,17,listening_card,exercise,12125,,select|Exit|This|Understand,0,,gen_3_18_707.wav,,عبارتی که شنیدید: Exit (خروجی)
12132,17,true_false,preview,12133,Entrance یعنی «ورودی»، درست یا غلط؟,,true,,,,Entrance یعنی ورودی.
12133,17,multiple_choice,main,,Entrance یعنی چی؟,ورودی|دکتر|رمز وای‌فای,0,,,,Entrance یعنی ورودی.
12134,17,multiple_choice,exercise,12133,کدوم گزینه یعنی «ورودی»؟,Discount|Two|Entrance,2,,,,Entrance یعنی ورودی.
12135,17,match_pairs,exercise,12133,هر عبارت را به معنی فارسی‌اش وصل کن.,Entrance↔ورودی|Beautiful↔قشنگ|No signal↔آنتن نداره,,,,,هر عبارت رو با معنی فارسیش جفت کن.
12136,17,speech_recognition,exercise,12133,Entrance,,,,,,بگو: Entrance
12137,17,type_answer,exercise,12133,«ورودی» به انگلیسی چیه؟ تایپش کن.,Entrance,,,,,Entrance یعنی ورودی.
12138,17,listening_card,exercise,12133,,select|Big|Entrance|Let's meet,1,,gen_3_18_715.wav,,عبارتی که شنیدید: Entrance (ورودی)
12139,17,true_false,preview,12140,Caution یعنی «احتیاط»، درست یا غلط؟,,true,,,,Caution یعنی احتیاط.
12140,17,multiple_choice,main,,Caution یعنی چی؟,احتیاط|صورتحساب|کارت پرواز,0,,,,Caution یعنی احتیاط.
12141,17,multiple_choice,exercise,12140,کدوم گزینه یعنی «احتیاط»؟,Caution|Room|This address,0,,,,Caution یعنی احتیاط.
12142,17,match_pairs,exercise,12140,هر عبارت را به معنی فارسی‌اش وصل کن.,Caution↔احتیاط|Congratulations↔تبریک|What time is it?↔ساعت چنده؟,,,,,هر عبارت رو با معنی فارسیش جفت کن.
12143,17,speech_recognition,exercise,12140,Caution,,,,,,بگو: Caution
12144,17,listening_card,exercise,12140,,select|Too expensive|Caution|Reservation,1,,gen_3_18_722.wav,,عبارتی که شنیدید: Caution (احتیاط)
12145,17,true_false,preview,12146,Delayed یعنی «تاخیر داره»، درست یا غلط؟,,true,,,,Delayed یعنی تاخیر داره.
12146,17,multiple_choice,main,,Delayed یعنی چی؟,تاخیر داره|نقد|دوره؟,0,,,,Delayed یعنی تاخیر داره.
12147,17,order,exercise,12146,جمله را به ترتیب درستش بچین.,This is|Delayed,,,,,این جمله رو با کلماتی که تا الان یاد گرفتی می‌سازی. معنیش: این تاخیر داره
12148,17,speech_recognition,exercise,12146,This is Delayed,,,,,,این جمله رو با صدای بلند بگو: This is Delayed
12149,17,select_blank,exercise,12146,This is ___,Sweet|Delayed|Broken,1,,,,این جمله رو با کلماتی که تا الان یاد گرفتی می‌سازی. معنیش: این تاخیر داره
12150,17,type_answer,exercise,12146,«این تاخیر داره» رو به انگلیسی بنویس.,This is Delayed,,,,,This is Delayed
12151,17,multiple_choice,exercise,12146,کدوم گزینه یعنی «تاخیر داره»؟,Three|Delayed|Discount,1,,,,Delayed یعنی تاخیر داره.
12152,17,match_pairs,exercise,12146,هر عبارت را به معنی فارسی‌اش وصل کن.,Delayed↔تاخیر داره|Understand↔می‌فهمم|Gate↔گیت,,,,,هر عبارت رو با معنی فارسیش جفت کن.
12153,17,speech_recognition,exercise,12146,Delayed,,,,,,بگو: Delayed
12154,17,listening_card,exercise,12146,,select|Three|Delayed|No problem,1,,gen_3_18_728.wav,,عبارتی که شنیدید: Delayed (تاخیر داره)
12155,17,true_false,preview,12156,Boarding now یعنی «پرواز شروع شد»، درست یا غلط؟,,true,,,,Boarding now یعنی پرواز شروع شد.
12156,17,speech_recognition,main,,Boarding now,,,,,,بگو: Boarding now
12157,17,multiple_choice,exercise,12156,کدوم گزینه یعنی «پرواز شروع شد»؟,This|The bill|Boarding now,2,,,,Boarding now یعنی پرواز شروع شد.
12158,17,match_pairs,exercise,12156,هر عبارت را به معنی فارسی‌اش وصل کن.,Boarding now↔پرواز شروع شد|I have↔دارم|Small↔کوچیک,,,,,هر عبارت رو با معنی فارسیش جفت کن.
12159,17,speech_recognition,exercise,12156,Boarding now,,,,,,بگو: Boarding now
12160,17,type_answer,exercise,12156,«پرواز شروع شد» به انگلیسی چیه؟ تایپش کن.,Boarding now,,,,,Boarding now یعنی پرواز شروع شد.
12161,17,listening_card,exercise,12156,,select|half past|Card|Boarding now,2,,gen_3_18_738.wav,,عبارتی که شنیدید: Boarding now (پرواز شروع شد)
12162,18,true_false,preview,12163,Take care یعنی «مواظب خودت باش»، درست یا غلط؟,,true,,,,Take care یعنی مواظب خودت باش.
12163,18,speech_recognition,main,,Take care,,,,,,بگو: Take care
12164,18,order,exercise,12163,جمله را به ترتیب درستش بچین.,Goodbye.|Take care.,,,,,این جمله رو با کلماتی که تا الان یاد گرفتی می‌سازی. معنیش: خداحافظ. مواظب خودت باش.
12165,18,speech_recognition,exercise,12163,Goodbye. Take care.,,,,,,این جمله رو با صدای بلند بگو: Goodbye. Take care.
12166,18,multiple_choice,exercise,12163,کدوم گزینه یعنی «مواظب خودت باش»؟,Suitcase|Charger|Take care,2,,,,Take care یعنی مواظب خودت باش.
12167,18,match_pairs,exercise,12163,هر عبارت را به معنی فارسی‌اش وصل کن.,Take care↔مواظب خودت باش|Bathroom↔دستشویی|Where is the↔کجاست,,,,,هر عبارت رو با معنی فارسیش جفت کن.
12168,18,speech_recognition,exercise,12163,Take care,,,,,,بگو: Take care
12169,18,listening_card,exercise,12163,,select|Discount|No problem|Take care,2,,gen_3_18_745.wav,,عبارتی که شنیدید: Take care (مواظب خودت باش)
12170,18,true_false,preview,12171,Keep in touch یعنی «در تماس باش»، درست یا غلط؟,,true,,,,Keep in touch یعنی در تماس باش.
12171,18,speech_recognition,main,,Keep in touch,,,,,,بگو: Keep in touch
12172,18,speech_recognition,exercise,12171,Keep in touch,,,,,,دوباره تمرین کن: Keep in touch
12173,18,match_pairs,exercise,12171,هر عبارت را به معنی فارسی‌اش وصل کن.,Keep in touch↔در تماس باش|I don't understand↔نمی‌فهمم|No problem↔مشکلی نیست,,,,,هر عبارت رو با معنی فارسیش جفت کن.
12174,18,speech_recognition,exercise,12171,Keep in touch,,,,,,بگو: Keep in touch
12175,18,listening_card,exercise,12171,,select|Keep in touch|SIM card|Two,0,,gen_3_18_753.wav,,عبارتی که شنیدید: Keep in touch (در تماس باش)
12176,18,true_false,preview,12177,My email is یعنی «ایمیل من اینه»، درست یا غلط؟,,true,,,,My email is یعنی ایمیل من اینه.
12177,18,speech_recognition,main,,My email is,,,,,,بگو: My email is
12178,18,order,exercise,12177,جمله را به ترتیب درستش بچین.,My email is|This.,,,,,این جمله رو با کلماتی که تا الان یاد گرفتی می‌سازی. معنیش: ایمیلم اینه.
12179,18,speech_recognition,exercise,12177,My email is This.,,,,,,این جمله رو با صدای بلند بگو: My email is This.
12180,18,type_answer,exercise,12177,«ایمیلم اینه.» رو به انگلیسی بنویس.,My email is This.,,,,,My email is This.
12181,18,speech_recognition,exercise,12177,My email is,,,,,,دوباره تمرین کن: My email is
12182,18,match_pairs,exercise,12177,هر عبارت را به معنی فارسی‌اش وصل کن.,My email is↔ایمیل من اینه|Too expensive↔خیلی گرونه|What time works?↔چه ساعتی خوبه؟,,,,,هر عبارت رو با معنی فارسیش جفت کن.
12183,18,speech_recognition,exercise,12177,My email is,,,,,,بگو: My email is
12184,18,type_answer,exercise,12177,«ایمیل من اینه» به انگلیسی چیه؟ تایپش کن.,My email is,,,,,My email is یعنی ایمیل من اینه.
12185,18,listening_card,exercise,12177,,select|SIM card|My email is|Boarding pass,1,,gen_3_18_759.wav,,عبارتی که شنیدید: My email is (ایمیل من اینه)
12186,18,true_false,preview,12187,Thanks for everything یعنی «خیلی ممنون»، درست یا غلط؟,,true,,,,Thanks for everything یعنی خیلی ممنون.
12187,18,multiple_choice,main,,Thanks for everything یعنی چی؟,خیلی ممنون|یک|درد می‌کنه,0,,,,Thanks for everything یعنی خیلی ممنون.
12188,18,order,exercise,12187,جمله را به ترتیب درستش بچین.,Thanks for everything.|Goodbye.,,,,,این جمله رو با کلماتی که تا الان یاد گرفتی می‌سازی. معنیش: خیلی ممنون. خداحافظ.
12189,18,speech_recognition,exercise,12187,Thanks for everything. Goodbye.,,,,,,این جمله رو با صدای بلند بگو: Thanks for everything. Goodbye.
12190,18,speech_recognition,exercise,12187,Thanks for everything,,,,,,دوباره تمرین کن: Thanks for everything
12191,18,match_pairs,exercise,12187,هر عبارت را به معنی فارسی‌اش وصل کن.,Thanks for everything↔خیلی ممنون|Boarding pass↔کارت پرواز|I can↔می‌تونم,,,,,هر عبارت رو با معنی فارسیش جفت کن.
12192,18,speech_recognition,exercise,12187,Thanks for everything,,,,,,بگو: Thanks for everything
12193,18,listening_card,exercise,12187,,select|I need|Help|Thanks for everything,2,,gen_3_18_769.wav,,عبارتی که شنیدید: Thanks for everything (خیلی ممنون)
12194,8,multiple_choice,exercise,11697,این غذا چه مزه‌ای داره؟,Sour|Bitter|Spicy,2,taste_spicy.png,,,Spicy یعنی همین مزه‌ست.
12195,8,multiple_choice,exercise,11706,این غذا چه مزه‌ای داره؟,Sweet|Sour|Bitter,0,taste_sweet.png,,,Sweet یعنی همین مزه‌ست.
12196,8,multiple_choice,exercise,11717,این غذا چه مزه‌ای داره؟,Salty|Bitter|Sour,2,taste_sour.png,,,Sour یعنی همین مزه‌ست.
12197,8,multiple_choice,exercise,11726,این غذا چه مزه‌ای داره؟,Spicy|Sour|Salty,2,taste_salty.png,,,Salty یعنی همین مزه‌ست.
12198,8,multiple_choice,exercise,11736,این غذا چه مزه‌ای داره؟,Sweet|Salty|Bitter,2,taste_bitter.png,,,Bitter یعنی همین مزه‌ست.
12199,3,true_false,preview,12200,One یعنی «یک»، درست یا غلط؟,,true,,,,One یعنی یک.
12200,3,speech_recognition,main,,One,,,,,,بگو: One
12201,3,speech_recognition,exercise,12200,One,,,,,,دوباره تمرین کن: One
12202,3,speech_recognition,exercise,12200,One,,,,,,بگو: One
12203,3,type_answer,exercise,12200,«یک» به انگلیسی چیه؟ تایپش کن.,One,,,,,One یعنی یک.
12204,3,true_false,preview,12205,Two یعنی «دو»، درست یا غلط؟,,true,,,,Two یعنی دو.
12205,3,multiple_choice,main,,Two یعنی چی؟,دو|یک,0,,,,Two یعنی دو.
12206,3,speech_recognition,exercise,12205,Two,,,,,,دوباره تمرین کن: Two
12207,3,match_pairs,exercise,12205,هر عبارت را به معنی فارسی‌اش وصل کن.,Two↔دو|One↔یک,,,,,هر عبارت رو با معنی فارسیش جفت کن.
12208,3,speech_recognition,exercise,12205,Two,,,,,,بگو: Two
12209,3,listening_card,exercise,12205,,type|Two,,,regen34_6.wav,,عبارتی که شنیدید: Two (دو)
12210,3,true_false,preview,12211,Three یعنی «سه»، درست یا غلط؟,,true,,,,Three یعنی سه.
12211,3,multiple_choice,main,,Three یعنی چی؟,سه|یک|دو,0,,,,Three یعنی سه.
12212,3,multiple_choice,exercise,12211,کدوم گزینه یعنی «سه»؟,Three|One|Two,0,,,,Three یعنی سه.
12213,3,match_pairs,exercise,12211,هر عبارت را به معنی فارسی‌اش وصل کن.,Three↔سه|Two↔دو|One↔یک,,,,,هر عبارت رو با معنی فارسیش جفت کن.
12214,3,speech_recognition,exercise,12211,Three,,,,,,بگو: Three
12215,3,listening_card,exercise,12211,,select|One|Two|Three,2,,regen34_12.wav,,عبارتی که شنیدید: Three (سه)
12216,3,true_false,preview,12217,Four یعنی «چهار»، درست یا غلط؟,,true,,,,Four یعنی چهار.
12217,3,multiple_choice,main,,Four یعنی چی؟,چهار|سه|دو,0,,,,Four یعنی چهار.
12218,3,multiple_choice,exercise,12217,کدوم گزینه یعنی «چهار»؟,One|Four|Three,1,,,,Four یعنی چهار.
12219,3,match_pairs,exercise,12217,هر عبارت را به معنی فارسی‌اش وصل کن.,Four↔چهار|Three↔سه|One↔یک,,,,,هر عبارت رو با معنی فارسیش جفت کن.
12220,3,speech_recognition,exercise,12217,Four,,,,,,بگو: Four
12221,3,type_answer,exercise,12217,«چهار» به انگلیسی چیه؟ تایپش کن.,Four,,,,,Four یعنی چهار.
12222,3,listening_card,exercise,12217,,select|Two|Four|Three,1,,regen34_18.wav,,عبارتی که شنیدید: Four (چهار)
12223,3,true_false,preview,12224,Five یعنی «پنج»، درست یا غلط؟,,true,,,,Five یعنی پنج.
12224,3,multiple_choice,main,,Five یعنی چی؟,پنج|سه|دو,0,,,,Five یعنی پنج.
12225,3,multiple_choice,exercise,12224,کدوم گزینه یعنی «پنج»؟,Three|Five|Four,1,,,,Five یعنی پنج.
12226,3,match_pairs,exercise,12224,هر عبارت را به معنی فارسی‌اش وصل کن.,Five↔پنج|Four↔چهار|Two↔دو,,,,,هر عبارت رو با معنی فارسیش جفت کن.
12227,3,speech_recognition,exercise,12224,Five,,,,,,بگو: Five
12228,3,listening_card,exercise,12224,,select|Three|Five|One,1,,regen34_25.wav,,عبارتی که شنیدید: Five (پنج)
12229,3,true_false,preview,12230,Six یعنی «شش»، درست یا غلط؟,,true,,,,Six یعنی شش.
12230,3,multiple_choice,main,,Six یعنی چی؟,شش|یک|چهار,0,,,,Six یعنی شش.
12231,3,multiple_choice,exercise,12230,کدوم گزینه یعنی «شش»؟,Four|Six|One,1,,,,Six یعنی شش.
12232,3,match_pairs,exercise,12230,هر عبارت را به معنی فارسی‌اش وصل کن.,Six↔شش|Three↔سه|One↔یک,,,,,هر عبارت رو با معنی فارسیش جفت کن.
12233,3,speech_recognition,exercise,12230,Six,,,,,,بگو: Six
12234,3,listening_card,exercise,12230,,select|Two|Five|Six,2,,regen34_31.wav,,عبارتی که شنیدید: Six (شش)
12235,3,true_false,preview,12236,Seven یعنی «هفت»، درست یا غلط؟,,true,,,,Seven یعنی هفت.
12236,3,multiple_choice,main,,Seven یعنی چی؟,هفت|پنج|چهار,0,,,,Seven یعنی هفت.
12237,3,multiple_choice,exercise,12236,کدوم گزینه یعنی «هفت»؟,Seven|Six|One,0,,,,Seven یعنی هفت.
12238,3,match_pairs,exercise,12236,هر عبارت را به معنی فارسی‌اش وصل کن.,Seven↔هفت|One↔یک|Three↔سه,,,,,هر عبارت رو با معنی فارسیش جفت کن.
12239,3,speech_recognition,exercise,12236,Seven,,,,,,بگو: Seven
12240,3,type_answer,exercise,12236,«هفت» به انگلیسی چیه؟ تایپش کن.,Seven,,,,,Seven یعنی هفت.
12241,3,listening_card,exercise,12236,,select|Five|Seven|Three,1,,regen34_37.wav,,عبارتی که شنیدید: Seven (هفت)
12242,3,true_false,preview,12243,Eight یعنی «هشت»، درست یا غلط؟,,true,,,,Eight یعنی هشت.
12243,3,multiple_choice,main,,Eight یعنی چی؟,هشت|پنج|سه,0,,,,Eight یعنی هشت.
12244,3,multiple_choice,exercise,12243,کدوم گزینه یعنی «هشت»؟,Five|Seven|Eight,2,,,,Eight یعنی هشت.
12245,3,match_pairs,exercise,12243,هر عبارت را به معنی فارسی‌اش وصل کن.,Eight↔هشت|Four↔چهار|One↔یک,,,,,هر عبارت رو با معنی فارسیش جفت کن.
12246,3,speech_recognition,exercise,12243,Eight,,,,,,بگو: Eight
12247,3,listening_card,exercise,12243,,select|Four|Eight|Five,1,,regen34_44.wav,,عبارتی که شنیدید: Eight (هشت)
12248,3,true_false,preview,12249,Nine یعنی «نه»، درست یا غلط؟,,true,,,,Nine یعنی نه.
12249,3,multiple_choice,main,,Nine یعنی چی؟,نه|پنج|دو,0,,,,Nine یعنی نه.
12250,3,multiple_choice,exercise,12249,کدوم گزینه یعنی «نه»؟,Four|Seven|Nine,2,,,,Nine یعنی نه.
12251,3,match_pairs,exercise,12249,هر عبارت را به معنی فارسی‌اش وصل کن.,Nine↔نه|Five↔پنج|Four↔چهار,,,,,هر عبارت رو با معنی فارسیش جفت کن.
12252,3,speech_recognition,exercise,12249,Nine,,,,,,بگو: Nine
12253,3,listening_card,exercise,12249,,select|Two|Nine|One,1,,regen34_50.wav,,عبارتی که شنیدید: Nine (نه)
12254,3,true_false,preview,12255,Ten یعنی «ده»، درست یا غلط؟,,true,,,,Ten یعنی ده.
12255,3,multiple_choice,main,,Ten یعنی چی؟,ده|سه|یک,0,,,,Ten یعنی ده.
12256,3,multiple_choice,exercise,12255,کدوم گزینه یعنی «ده»؟,Ten|Two|Seven,0,,,,Ten یعنی ده.
12257,3,match_pairs,exercise,12255,هر عبارت را به معنی فارسی‌اش وصل کن.,Ten↔ده|Nine↔نه|Four↔چهار,,,,,هر عبارت رو با معنی فارسیش جفت کن.
12258,3,speech_recognition,exercise,12255,Ten,,,,,,بگو: Ten
12259,3,type_answer,exercise,12255,«ده» به انگلیسی چیه؟ تایپش کن.,Ten,,,,,Ten یعنی ده.
12260,3,listening_card,exercise,12255,,select|Ten|Four|Seven,0,,regen34_56.wav,,عبارتی که شنیدید: Ten (ده)
12261,3,true_false,preview,12262,Eleven یعنی «یازده»، درست یا غلط؟,,true,,,,Eleven یعنی یازده.
12262,3,multiple_choice,main,,Eleven یعنی چی؟,یازده|هشت|ده,0,,,,Eleven یعنی یازده.
12263,3,multiple_choice,exercise,12262,کدوم گزینه یعنی «یازده»؟,Two|Eleven|Six,1,,,,Eleven یعنی یازده.
12264,3,match_pairs,exercise,12262,هر عبارت را به معنی فارسی‌اش وصل کن.,Eleven↔یازده|Eight↔هشت|Six↔شش,,,,,هر عبارت رو با معنی فارسیش جفت کن.
12265,3,speech_recognition,exercise,12262,Eleven,,,,,,بگو: Eleven
12266,3,listening_card,exercise,12262,,select|Ten|Four|Eleven,2,,regen34_63.wav,,عبارتی که شنیدید: Eleven (یازده)
12267,3,true_false,preview,12268,Twelve یعنی «دوازده»، درست یا غلط؟,,true,,,,Twelve یعنی دوازده.
12268,3,multiple_choice,main,,Twelve یعنی چی؟,دوازده|دو|چهار,0,,,,Twelve یعنی دوازده.
12269,3,multiple_choice,exercise,12268,کدوم گزینه یعنی «دوازده»؟,Twelve|Three|Six,0,,,,Twelve یعنی دوازده.
12270,3,match_pairs,exercise,12268,هر عبارت را به معنی فارسی‌اش وصل کن.,Twelve↔دوازده|One↔یک|Two↔دو,,,,,هر عبارت رو با معنی فارسیش جفت کن.
12271,3,speech_recognition,exercise,12268,Twelve,,,,,,بگو: Twelve
12272,3,listening_card,exercise,12268,,select|Three|Four|Twelve,2,,regen34_69.wav,,عبارتی که شنیدید: Twelve (دوازده)
12273,3,true_false,preview,12274,This یعنی «این»، درست یا غلط؟,,true,,,,This یعنی این.
12274,3,multiple_choice,main,,This یعنی چی؟,این|یک|دو,0,,,,This یعنی این.
12275,3,multiple_choice,exercise,12274,کدوم گزینه یعنی «این»؟,Eleven|This|Four,1,,,,This یعنی این.
12276,3,match_pairs,exercise,12274,هر عبارت را به معنی فارسی‌اش وصل کن.,This↔این|Seven↔هفت|Two↔دو,,,,,هر عبارت رو با معنی فارسیش جفت کن.
12277,3,speech_recognition,exercise,12274,This,,,,,,بگو: This
12278,3,type_answer,exercise,12274,«این» به انگلیسی چیه؟ تایپش کن.,This,,,,,This یعنی این.
12279,3,listening_card,exercise,12274,,select|Six|Two|This,2,,regen34_75.wav,,عبارتی که شنیدید: This (این)
12280,3,true_false,preview,12281,How much is یعنی «چقدره»، درست یا غلط؟,,true,,,,How much is یعنی چقدره.
12281,3,multiple_choice,main,,How much is یعنی چی؟,چقدره|چهار|سه,0,,,,How much is یعنی چقدره.
12282,3,order,exercise,12281,جمله را به ترتیب درستش بچین.,How much is|This?,,,,,این جمله رو با کلماتی که تا الان یاد گرفتی می‌سازی. معنیش: این چقدره؟
12283,3,speech_recognition,exercise,12281,How much is This?,,,,,,این جمله رو با صدای بلند بگو: How much is This?
12284,3,type_answer,exercise,12281,«این چقدره؟» رو به انگلیسی بنویس.,How much is This?,,,,,How much is This?
12285,3,speech_recognition,exercise,12281,How much is,,,,,,دوباره تمرین کن: How much is
12286,3,match_pairs,exercise,12281,هر عبارت را به معنی فارسی‌اش وصل کن.,How much is↔چقدره|Twelve↔دوازده|Two↔دو,,,,,هر عبارت رو با معنی فارسیش جفت کن.
12287,3,speech_recognition,exercise,12281,How much is,,,,,,بگو: How much is
12288,3,listening_card,exercise,12281,,select|Eight|How much is|Four,1,,regen34_82.wav,,عبارتی که شنیدید: How much is (چقدره)
12289,3,true_false,preview,12290,Too expensive یعنی «خیلی گرونه»، درست یا غلط؟,,true,,,,Too expensive یعنی خیلی گرونه.
12290,3,multiple_choice,main,,Too expensive یعنی چی؟,خیلی گرونه|یازده|یک,0,,,,Too expensive یعنی خیلی گرونه.
12291,3,order,exercise,12290,جمله را به ترتیب درستش بچین.,This is|Too expensive,,,,,این جمله رو با کلماتی که تا الان یاد گرفتی می‌سازی. معنیش: این خیلی گرونه
12292,3,speech_recognition,exercise,12290,This is Too expensive,,,,,,این جمله رو با صدای بلند بگو: This is Too expensive
12293,3,select_blank,exercise,12290,This is ___,Nine|Too expensive|Seven,1,,,,این جمله رو با کلماتی که تا الان یاد گرفتی می‌سازی. معنیش: این خیلی گرونه
12294,3,multiple_choice,exercise,12290,کدوم گزینه یعنی «خیلی گرونه»؟,Five|Two|Too expensive,2,,,,Too expensive یعنی خیلی گرونه.
12295,3,match_pairs,exercise,12290,هر عبارت را به معنی فارسی‌اش وصل کن.,Too expensive↔خیلی گرونه|Eleven↔یازده|Five↔پنج,,,,,هر عبارت رو با معنی فارسیش جفت کن.
12296,3,speech_recognition,exercise,12290,Too expensive,,,,,,بگو: Too expensive
12297,3,listening_card,exercise,12290,,select|Six|Seven|Too expensive,2,,regen34_91.wav,,عبارتی که شنیدید: Too expensive (خیلی گرونه)
12298,3,true_false,preview,12299,Change یعنی «پول خرد»، درست یا غلط؟,,true,,,,Change یعنی پول خرد.
12299,3,multiple_choice,main,,Change یعنی چی؟,پول خرد|نه|هشت,0,,,,Change یعنی پول خرد.
12300,3,multiple_choice,exercise,12299,کدوم گزینه یعنی «پول خرد»؟,Ten|One|Change,2,,,,Change یعنی پول خرد.
12301,3,match_pairs,exercise,12299,هر عبارت را به معنی فارسی‌اش وصل کن.,Change↔پول خرد|Four↔چهار|Five↔پنج,,,,,هر عبارت رو با معنی فارسیش جفت کن.
12302,3,speech_recognition,exercise,12299,Change,,,,,,بگو: Change
12303,3,type_answer,exercise,12299,«پول خرد» به انگلیسی چیه؟ تایپش کن.,Change,,,,,Change یعنی پول خرد.
12304,3,listening_card,exercise,12299,,select|Twelve|Change|Six,1,,regen34_100.wav,,عبارتی که شنیدید: Change (پول خرد)
12305,4,true_false,preview,12306,What time is it? یعنی «ساعت چنده؟»، درست یا غلط؟,,true,,,,What time is it? یعنی ساعت چنده؟.
12306,4,multiple_choice,main,,What time is it? یعنی چی,ساعت چنده؟|هفت|این,0,,,,What time is it? یعنی ساعت چنده؟.
12307,4,speech_recognition,exercise,12306,What time is it?,,,,,,دوباره تمرین کن: What time is it?
12308,4,match_pairs,exercise,12306,هر عبارت را به معنی فارسی‌اش وصل کن.,What time is it?↔ساعت چنده؟|Two↔دو|This↔این,,,,,هر عبارت رو با معنی فارسیش جفت کن.
12309,4,speech_recognition,exercise,12306,What time is it?,,,,,,بگو: What time is it?
12310,4,listening_card,exercise,12306,,select|Three|Eleven|What time is it?,2,,regen34_107.wav,,عبارتی که شنیدید: What time is it? (ساعت چنده؟)
12311,4,true_false,preview,12312,It's یعنی «ساعته»، درست یا غلط؟,,true,,,,It's یعنی ساعته.
12312,4,multiple_choice,main,,It's یعنی چی؟,ساعته|ساعت چنده؟|نه,0,,,,It's یعنی ساعته.
12313,4,multiple_choice,exercise,12312,کدوم گزینه یعنی «ساعته»؟,Ten|It's|Two,1,,,,It's یعنی ساعته.
12314,4,match_pairs,exercise,12312,هر عبارت را به معنی فارسی‌اش وصل کن.,It's↔ساعته|One↔یک|Change↔پول خرد,,,,,هر عبارت رو با معنی فارسیش جفت کن.
12315,4,speech_recognition,exercise,12312,It's,,,,,,بگو: It's
12316,4,listening_card,exercise,12312,,select|It's|Eleven|Seven,0,,regen34_113.wav,,عبارتی که شنیدید: It's (ساعته)
12317,4,true_false,preview,12318,o'clock یعنی «ساعت»، درست یا غلط؟,,true,,,,o'clock یعنی ساعت.
12318,4,multiple_choice,main,,o'clock یعنی چی؟,ساعت|دوازده|این,0,,,,o'clock یعنی ساعت.
12319,4,order,exercise,12318,جمله را به ترتیب درستش بچین.,It's|One|o'clock,,,,,این جمله رو با کلماتی که تا الان یاد گرفتی می‌سازی. معنیش: ساعت یکه؛؛ساعت دوئه؛؛ساعت سه‌ست
12320,4,speech_recognition,exercise,12318,It's One o'clock,,,,,,این جمله رو با صدای بلند بگو: It's One o'clock
12321,4,select_blank,exercise,12318,It's One ___,Nine|o'clock|Three,1,,,,این جمله رو با کلماتی که تا الان یاد گرفتی می‌سازی. معنیش: ساعت یکه؛؛ساعت دوئه؛؛ساعت سه‌ست
12322,4,order,exercise,12318,این جمله رو هم به ترتیب درستش بچین.,It's|Two|o'clock,,,,,این جمله رو با کلماتی که تا الان یاد گرفتی می‌سازی.
12323,4,order,exercise,12318,این یکی رو هم بچین.,It's|Three|o'clock,,,,,این جمله رو با کلماتی که تا الان یاد گرفتی می‌سازی.
12324,4,multiple_choice,exercise,12318,کدوم گزینه یعنی «ساعت»؟,Twelve|Change|o'clock,2,,,,o'clock یعنی ساعت.
12325,4,match_pairs,exercise,12318,هر عبارت را به معنی فارسی‌اش وصل کن.,o'clock↔ساعت|Two↔دو|Nine↔نه,,,,,هر عبارت رو با معنی فارسیش جفت کن.
12326,4,speech_recognition,exercise,12318,o'clock,,,,,,بگو: o'clock
12327,4,type_answer,exercise,12318,«ساعت» به انگلیسی چیه؟ تایپش کن.,o'clock,,,,,o'clock یعنی ساعت.
12328,4,listening_card,exercise,12318,,select|o'clock|Four|Five,0,,regen34_119.wav,,عبارتی که شنیدید: o'clock (ساعت)
12329,4,true_false,preview,12330,half past یعنی «و نیم»، درست یا غلط؟,,true,,,,half past یعنی و نیم.
12330,4,multiple_choice,main,,half past یعنی چی؟,و نیم|ده|دوازده,0,,,,half past یعنی و نیم.
12331,4,order,exercise,12330,جمله را به ترتیب درستش بچین.,It's|half past|One,,,,,این جمله رو با کلماتی که تا الان یاد گرفتی می‌سازی. معنیش: یک و نیمه؛؛دو و نیمه
12332,4,speech_recognition,exercise,12330,It's half past One,,,,,,این جمله رو با صدای بلند بگو: It's half past One
12333,4,select_blank,exercise,12330,It's ___ One,half past|Ten|Five,0,,,,این جمله رو با کلماتی که تا الان یاد گرفتی می‌سازی. معنیش: یک و نیمه؛؛دو و نیمه
12334,4,order,exercise,12330,این جمله رو هم به ترتیب درستش بچین.,It's|half past|Two,,,,,این جمله رو با کلماتی که تا الان یاد گرفتی می‌سازی.
12335,4,multiple_choice,exercise,12330,کدوم گزینه یعنی «و نیم»؟,Three|half past|One,1,,,,half past یعنی و نیم.
12336,4,match_pairs,exercise,12330,هر عبارت را به معنی فارسی‌اش وصل کن.,half past↔و نیم|Eleven↔یازده|Six↔شش,,,,,هر عبارت رو با معنی فارسیش جفت کن.
12337,4,speech_recognition,exercise,12330,half past,,,,,,بگو: half past
12338,4,listening_card,exercise,12330,,select|half past|Eight|o'clock,0,,regen34_131.wav,,عبارتی که شنیدید: half past (و نیم)
12339,4,true_false,preview,12340,quarter past یعنی «و ربع»، درست یا غلط؟,,true,,,,quarter past یعنی و ربع.
12340,4,multiple_choice,main,,quarter past یعنی چی؟,و ربع|این|ساعت,0,,,,quarter past یعنی و ربع.
12341,4,order,exercise,12340,جمله را به ترتیب درستش بچین.,It's|quarter past|Three,,,,,این جمله رو با کلماتی که تا الان یاد گرفتی می‌سازی. معنیش: سه و ربعه
12342,4,speech_recognition,exercise,12340,It's quarter past Three,,,,,,این جمله رو با صدای بلند بگو: It's quarter past Three
12343,4,select_blank,exercise,12340,It's ___ Three,quarter past|Two|Too expensive,0,,,,این جمله رو با کلماتی که تا الان یاد گرفتی می‌سازی. معنیش: سه و ربعه
12344,4,multiple_choice,exercise,12340,کدوم گزینه یعنی «و ربع»؟,Six|quarter past|Two,1,,,,quarter past یعنی و ربع.
12345,4,match_pairs,exercise,12340,هر عبارت را به معنی فارسی‌اش وصل کن.,quarter past↔و ربع|Nine↔نه|Six↔شش,,,,,هر عبارت رو با معنی فارسیش جفت کن.
12346,4,speech_recognition,exercise,12340,quarter past,,,,,,بگو: quarter past
12347,4,listening_card,exercise,12340,,select|o'clock|quarter past|Change,1,,regen34_141.wav,,عبارتی که شنیدید: quarter past (و ربع)
12348,4,true_false,preview,12349,quarter to یعنی «ربع به»، درست یا غلط؟,,true,,,,quarter to یعنی ربع به.
12349,4,multiple_choice,main,,quarter to یعنی چی؟,ربع به|دو|پول خرد,0,,,,quarter to یعنی ربع به.
12350,4,order,exercise,12349,جمله را به ترتیب درستش بچین.,It's|quarter to|Two,,,,,این جمله رو با کلماتی که تا الان یاد گرفتی می‌سازی. معنیش: ربع به دو
12351,4,speech_recognition,exercise,12349,It's quarter to Two,,,,,,این جمله رو با صدای بلند بگو: It's quarter to Two
12352,4,select_blank,exercise,12349,It's ___ Two,Ten|quarter to|Eleven,1,,,,این جمله رو با کلماتی که تا الان یاد گرفتی می‌سازی. معنیش: ربع به دو
12353,4,multiple_choice,exercise,12349,کدوم گزینه یعنی «ربع به»؟,Too expensive|quarter to|Seven,1,,,,quarter to یعنی ربع به.
12354,4,match_pairs,exercise,12349,هر عبارت را به معنی فارسی‌اش وصل کن.,quarter to↔ربع به|Five↔پنج|One↔یک,,,,,هر عبارت رو با معنی فارسیش جفت کن.
12355,4,speech_recognition,exercise,12349,quarter to,,,,,,بگو: quarter to
12356,4,type_answer,exercise,12349,«ربع به» به انگلیسی چیه؟ تایپش کن.,quarter to,,,,,quarter to یعنی ربع به.
12357,4,listening_card,exercise,12349,,select|Too expensive|quarter to|This,1,,regen34_150.wav,,عبارتی که شنیدید: quarter to (ربع به)
12358,4,true_false,preview,12359,Fifteen یعنی «پونزده»، درست یا غلط؟,,true,,,,Fifteen یعنی پونزده.
12359,4,multiple_choice,main,,Fifteen یعنی چی؟,پونزده|هفت|یک,0,,,,Fifteen یعنی پونزده.
12360,4,order,exercise,12359,جمله را به ترتیب درستش بچین.,It's|Two|Fifteen,,,,,این جمله رو با کلماتی که تا الان یاد گرفتی می‌سازی. معنیش: ساعت دو و پونزده دقیقه‌ست؛؛ساعت نه و پونزده دقیقه‌ست
12361,4,speech_recognition,exercise,12359,It's Two Fifteen,,,,,,این جمله رو با صدای بلند بگو: It's Two Fifteen
12362,4,select_blank,exercise,12359,It's Two ___,One|Fifteen|o'clock,1,,,,این جمله رو با کلماتی که تا الان یاد گرفتی می‌سازی. معنیش: ساعت دو و پونزده دقیقه‌ست؛؛ساعت نه و پونزده دقیقه‌ست
12363,4,order,exercise,12359,این جمله رو هم به ترتیب درستش بچین.,It's|Nine|Fifteen,,,,,این جمله رو با کلماتی که تا الان یاد گرفتی می‌سازی.
12364,4,multiple_choice,exercise,12359,کدوم گزینه یعنی «پونزده»؟,Seven|Fifteen|Four,1,,,,Fifteen یعنی پونزده.
12365,4,match_pairs,exercise,12359,هر عبارت را به معنی فارسی‌اش وصل کن.,Fifteen↔پونزده|Ten↔ده|Nine↔نه,,,,,هر عبارت رو با معنی فارسیش جفت کن.
12366,4,speech_recognition,exercise,12359,Fifteen,,,,,,بگو: Fifteen
12367,4,listening_card,exercise,12359,,select|Fifteen|Four|Six,0,,regen34_160.wav,,عبارتی که شنیدید: Fifteen (پونزده)
12368,4,true_false,preview,12369,Twenty یعنی «بیست»، درست یا غلط؟,,true,,,,Twenty یعنی بیست.
12369,4,multiple_choice,main,,Twenty یعنی چی؟,بیست|و ربع|سه,0,,,,Twenty یعنی بیست.
12370,4,order,exercise,12369,جمله را به ترتیب درستش بچین.,It's|Seven|Twenty,,,,,این جمله رو با کلماتی که تا الان یاد گرفتی می‌سازی. معنیش: ساعت هفت و بیست دقیقه‌ست؛؛ساعت سه و پنج دقیقه‌ست؛؛ساعت شش و ده دقیقه‌ست
12371,4,speech_recognition,exercise,12369,It's Seven Twenty,,,,,,این جمله رو با صدای بلند بگو: It's Seven Twenty
12372,4,select_blank,exercise,12369,It's Seven ___,Nine|Twenty|One,1,,,,این جمله رو با کلماتی که تا الان یاد گرفتی می‌سازی. معنیش: ساعت هفت و بیست دقیقه‌ست؛؛ساعت سه و پنج دقیقه‌ست؛؛ساعت شش و ده دقیقه‌ست
12373,4,order,exercise,12369,این جمله رو هم به ترتیب درستش بچین.,It's|Three|Five,,,,,این جمله رو با کلماتی که تا الان یاد گرفتی می‌سازی.
12374,4,order,exercise,12369,این یکی رو هم بچین.,It's|Six|Ten,,,,,این جمله رو با کلماتی که تا الان یاد گرفتی می‌سازی.
12375,4,multiple_choice,exercise,12369,کدوم گزینه یعنی «بیست»؟,Twenty|Nine|Five,0,,,,Twenty یعنی بیست.
12376,4,match_pairs,exercise,12369,هر عبارت را به معنی فارسی‌اش وصل کن.,Twenty↔بیست|Four↔چهار|Five↔پنج,,,,,هر عبارت رو با معنی فارسیش جفت کن.
12377,4,speech_recognition,exercise,12369,Twenty,,,,,,بگو: Twenty
12378,4,listening_card,exercise,12369,,select|Nine|One|Twenty,2,,regen34_170.wav,,عبارتی که شنیدید: Twenty (بیست)
12379,4,true_false,preview,12380,Thirty یعنی «سی»، درست یا غلط؟,,true,,,,Thirty یعنی سی.
12380,4,multiple_choice,main,,Thirty یعنی چی؟,سی|هفت|ربع به,0,,,,Thirty یعنی سی.
12381,4,order,exercise,12380,جمله را به ترتیب درستش بچین.,It's|Eight|Thirty,,,,,این جمله رو با کلماتی که تا الان یاد گرفتی می‌سازی. معنیش: ساعت هشت و سی دقیقه‌ست؛؛ساعت یک و بیست دقیقه‌ست؛؛ساعت دوازده و ده دقیقه‌ست
12382,4,speech_recognition,exercise,12380,It's Eight Thirty,,,,,,این جمله رو با صدای بلند بگو: It's Eight Thirty
12383,4,select_blank,exercise,12380,It's Eight ___,Thirty|half past|Nine,0,,,,این جمله رو با کلماتی که تا الان یاد گرفتی می‌سازی. معنیش: ساعت هشت و سی دقیقه‌ست؛؛ساعت یک و بیست دقیقه‌ست؛؛ساعت دوازده و ده دقیقه‌ست
12384,4,order,exercise,12380,این جمله رو هم به ترتیب درستش بچین.,It's|One|Twenty,,,,,این جمله رو با کلماتی که تا الان یاد گرفتی می‌سازی.
12385,4,order,exercise,12380,این یکی رو هم بچین.,It's|Twelve|Ten,,,,,این جمله رو با کلماتی که تا الان یاد گرفتی می‌سازی.
12386,4,multiple_choice,exercise,12380,کدوم گزینه یعنی «سی»؟,Thirty|quarter past|Two,0,,,,Thirty یعنی سی.
12387,4,match_pairs,exercise,12380,هر عبارت را به معنی فارسی‌اش وصل کن.,Thirty↔سی|Fifteen↔پونزده|quarter past↔و ربع,,,,,هر عبارت رو با معنی فارسیش جفت کن.
12388,4,speech_recognition,exercise,12380,Thirty,,,,,,بگو: Thirty
12389,4,type_answer,exercise,12380,«سی» به انگلیسی چیه؟ تایپش کن.,Thirty,,,,,Thirty یعنی سی.
12390,4,listening_card,exercise,12380,,select|Thirty|Fifteen|Change,0,,regen34_181.wav,,عبارتی که شنیدید: Thirty (سی)
12391,4,true_false,preview,12392,Forty یعنی «چهل»، درست یا غلط؟,,true,,,,Forty یعنی چهل.
12392,4,multiple_choice,main,,Forty یعنی چی؟,چهل|ساعته|شش,0,,,,Forty یعنی چهل.
12393,4,order,exercise,12392,جمله را به ترتیب درستش بچین.,It's|Four|Forty,,,,,این جمله رو با کلماتی که تا الان یاد گرفتی می‌سازی. معنیش: ساعت چهار و چهل دقیقه‌ست؛؛ساعت یازده و پونزده دقیقه‌ست؛؛ساعت دو و سی دقیقه‌ست
12394,4,speech_recognition,exercise,12392,It's Four Forty,,,,,,این جمله رو با صدای بلند بگو: It's Four Forty
12395,4,select_blank,exercise,12392,It's Four ___,Forty|Seven|This,0,,,,این جمله رو با کلماتی که تا الان یاد گرفتی می‌سازی. معنیش: ساعت چهار و چهل دقیقه‌ست؛؛ساعت یازده و پونزده دقیقه‌ست؛؛ساعت دو و سی دقیقه‌ست
12396,4,order,exercise,12392,این جمله رو هم به ترتیب درستش بچین.,It's|Eleven|Fifteen,,,,,این جمله رو با کلماتی که تا الان یاد گرفتی می‌سازی.
12397,4,order,exercise,12392,این یکی رو هم بچین.,It's|Two|Thirty,,,,,این جمله رو با کلماتی که تا الان یاد گرفتی می‌سازی.
12398,4,multiple_choice,exercise,12392,کدوم گزینه یعنی «چهل»؟,Five|One|Forty,2,,,,Forty یعنی چهل.
12399,4,match_pairs,exercise,12392,هر عبارت را به معنی فارسی‌اش وصل کن.,Forty↔چهل|Eleven↔یازده|Twelve↔دوازده,,,,,هر عبارت رو با معنی فارسیش جفت کن.
12400,4,speech_recognition,exercise,12392,Forty,,,,,,بگو: Forty
12401,4,listening_card,exercise,12392,,select|Three|Forty|Thirty,1,,regen34_193.wav,,عبارتی که شنیدید: Forty (چهل)
12402,4,true_false,preview,12403,Fifty یعنی «پنجاه»، درست یا غلط؟,,true,,,,Fifty یعنی پنجاه.
12403,4,multiple_choice,main,,Fifty یعنی چی؟,پنجاه|دو|نه,0,,,,Fifty یعنی پنجاه.
12404,4,order,exercise,12403,جمله را به ترتیب درستش بچین.,It's|Five|Fifty,,,,,این جمله رو با کلماتی که تا الان یاد گرفتی می‌سازی. معنیش: ساعت پنج و پنجاه دقیقه‌ست؛؛ساعت نه و چهل دقیقه‌ست؛؛ساعت ده و پنج دقیقه‌ست
12405,4,speech_recognition,exercise,12403,It's Five Fifty,,,,,,این جمله رو با صدای بلند بگو: It's Five Fifty
12406,4,select_blank,exercise,12403,It's Five ___,Fifty|Six|Five,0,,,,این جمله رو با کلماتی که تا الان یاد گرفتی می‌سازی. معنیش: ساعت پنج و پنجاه دقیقه‌ست؛؛ساعت نه و چهل دقیقه‌ست؛؛ساعت ده و پنج دقیقه‌ست
12407,4,order,exercise,12403,این جمله رو هم به ترتیب درستش بچین.,It's|Nine|Forty,,,,,این جمله رو با کلماتی که تا الان یاد گرفتی می‌سازی.
12408,4,order,exercise,12403,این یکی رو هم بچین.,It's|Ten|Five,,,,,این جمله رو با کلماتی که تا الان یاد گرفتی می‌سازی.
12409,4,multiple_choice,exercise,12403,کدوم گزینه یعنی «پنجاه»؟,Twelve|Fifty|This,1,,,,Fifty یعنی پنجاه.
12410,4,match_pairs,exercise,12403,هر عبارت را به معنی فارسی‌اش وصل کن.,Fifty↔پنجاه|Ten↔ده|Four↔چهار,,,,,هر عبارت رو با معنی فارسیش جفت کن.
12411,4,speech_recognition,exercise,12403,Fifty,,,,,,بگو: Fifty
12412,4,listening_card,exercise,12403,,select|It's|Forty|Fifty,2,,regen34_204.wav,,عبارتی که شنیدید: Fifty (پنجاه)
12413,4,true_false,preview,12414,Today یعنی «امروز»، درست یا غلط؟,,true,,,,Today یعنی امروز.
12414,4,multiple_choice,main,,Today یعنی چی؟,امروز|ده|شش,0,,,,Today یعنی امروز.
12415,4,multiple_choice,exercise,12414,کدوم گزینه یعنی «امروز»؟,Forty|o'clock|Today,2,,,,Today یعنی امروز.
12416,4,match_pairs,exercise,12414,هر عبارت را به معنی فارسی‌اش وصل کن.,Today↔امروز|This↔این|Fifty↔پنجاه,,,,,هر عبارت رو با معنی فارسیش جفت کن.
12417,4,speech_recognition,exercise,12414,Today,,,,,,بگو: Today
12418,4,type_answer,exercise,12414,«امروز» به انگلیسی چیه؟ تایپش کن.,Today,,,,,Today یعنی امروز.
12419,4,listening_card,exercise,12414,,select|Ten|Today|Eleven,1,,regen34_215.wav,,عبارتی که شنیدید: Today (امروز)
12420,4,true_false,preview,12421,Tomorrow یعنی «فردا»، درست یا غلط؟,,true,,,,Tomorrow یعنی فردا.
12421,4,multiple_choice,main,,Tomorrow یعنی چی؟,فردا|چهار|ساعته,0,,,,Tomorrow یعنی فردا.
12422,4,multiple_choice,exercise,12421,کدوم گزینه یعنی «فردا»؟,Eleven|Tomorrow|It's,1,,,,Tomorrow یعنی فردا.
12423,4,match_pairs,exercise,12421,هر عبارت را به معنی فارسی‌اش وصل کن.,Tomorrow↔فردا|Change↔پول خرد|Four↔چهار,,,,,هر عبارت رو با معنی فارسیش جفت کن.
12424,4,speech_recognition,exercise,12421,Tomorrow,,,,,,بگو: Tomorrow
12425,4,listening_card,exercise,12421,,select|It's|Tomorrow|Thirty,1,,regen34_222.wav,,عبارتی که شنیدید: Tomorrow (فردا)
12426,4,true_false,preview,12427,Yesterday یعنی «دیروز»، درست یا غلط؟,,true,,,,Yesterday یعنی دیروز.
12427,4,multiple_choice,main,,Yesterday یعنی چی؟,دیروز|ده|یازده,0,,,,Yesterday یعنی دیروز.
12428,4,multiple_choice,exercise,12427,کدوم گزینه یعنی «دیروز»؟,Forty|Twenty|Yesterday,2,,,,Yesterday یعنی دیروز.
12429,4,match_pairs,exercise,12427,هر عبارت را به معنی فارسی‌اش وصل کن.,Yesterday↔دیروز|quarter past↔و ربع|o'clock↔ساعت,,,,,هر عبارت رو با معنی فارسیش جفت کن.
12430,4,speech_recognition,exercise,12427,Yesterday,,,,,,بگو: Yesterday
12431,4,listening_card,exercise,12427,,select|This|Yesterday|Today,1,,regen34_228.wav,,عبارتی که شنیدید: Yesterday (دیروز)
12432,10,preview_card,preview,12433,حالا یه مکالمه‌ی کوتاه بین دو نفر می‌خونی که فقط از کلمات و عبارت‌هایی که تا الان یاد گرفتی ساخته شده. بعدش چندتا سوال درباره‌ش جواب می‌دی.,باشه,,,,,
12433,10,reading_passage,main,,"Ali: Hello! Nice weather today.
Sara: Yes, thank you. My name is Sara.
Ali: Nice to meet you, Sara. I'm from Shiraz.
Sara: I'm staying in a hotel. I have a reservation.
Ali: I'm hungry. Where is the menu?
Sara: This is the menu. No problem!",اسم اون خانمه چیه؟|سارا|آرزو|مریم,0,,,,سارا اسم خانمیه که علی باهاش صحبت می‌کنه.
12434,10,reading_passage,exercise,12433,"Ali: Hello! Nice weather today.
Sara: Yes, thank you. My name is Sara.
Ali: Nice to meet you, Sara. I'm from Shiraz.
Sara: I'm staying in a hotel. I have a reservation.
Ali: I'm hungry. Where is the menu?
Sara: This is the menu. No problem!",علی اهل کجاست؟|شیراز|تهران|اصفهان,0,,,,علی گفت: I'm from Shiraz.
12435,10,reading_passage,exercise,12433,"Ali: Hello! Nice weather today.
Sara: Yes, thank you. My name is Sara.
Ali: Nice to meet you, Sara. I'm from Shiraz.
Sara: I'm staying in a hotel. I have a reservation.
Ali: I'm hungry. Where is the menu?
Sara: This is the menu. No problem!",سارا کجا موندگاره؟|هتل|فرودگاه|رستوران,0,,,,سارا گفت: I'm staying in a hotel.
12436,10,reading_passage,exercise,12433,"Ali: Hello! Nice weather today.
Sara: Yes, thank you. My name is Sara.
Ali: Nice to meet you, Sara. I'm from Shiraz.
Sara: I'm staying in a hotel. I have a reservation.
Ali: I'm hungry. Where is the menu?
Sara: This is the menu. No problem!",علی چی می‌خواد؟|منو|غذا|آب,0,,,,علی گفت: I'm hungry. Where is the menu?
12437,1,preview_card,preview,12438,حالا یه مکالمه‌ی کوتاه می‌بینی که فقط از کلمات همین دوره ساخته شده، با چندتا جای خالی. باید جاهای خالی رو با کلمه‌ی درست پر کنی.,باشه,,,,,
12438,1,cloze_passage,main,,"Ali: Hello! {{1}}, please.
Sara: Yes, this is {{2}}.
Ali: {{3}}! I'm thirsty.",choice|Excuse me~I'm thirsty~Please|I want~water~Hello|Thank you~Please~I'm thirsty,0|1|0,,,,جاهای خالی رو با کلمه‌ی درستش پر کن.
12439,1,cloze_passage,exercise,12438,"Ali: {{1}}! Excuse me, please.
Sara: {{2}}, this is water.
Ali: Thank you! I'm thirsty.",word_bank|Hello~Sorry~No~Yes|Hello~Yes,,,,,کلمه‌های درست رو از بین گزینه‌ها انتخاب کن.
12440,1,cloze_passage,exercise,12438,"Ali: {{1}}! Excuse me, please.
Sara: {{2}}, this is water.
Ali: Thank you! I'm thirsty.",choice|I want~Hello~Excuse me|Yes~I'm hungry~Please,1|0,,,,جاهای خالی رو با کلمه‌ی درستش پر کن.
12441,1,cloze_passage,exercise,12438,"Ali: Hello! {{1}}, please.
Sara: Yes, this is {{2}}.
Ali: {{3}}! I'm thirsty.",word_bank|No~Sorry~Thank you~water~Excuse me|Excuse me~water~Thank you,,,,,کلمه‌های درست رو از بین گزینه‌ها انتخاب کن.
12442,2,preview_card,preview,12443,حالا یه مکالمه‌ی کوتاه می‌بینی که فقط از کلمات همین دوره ساخته شده، با چندتا جای خالی. باید جاهای خالی رو با کلمه‌ی درست پر کنی.,باشه,,,,,
12443,2,cloze_passage,main,,"Ali: {{1}}! {{2}} Ali.
Sara: Nice to meet you! {{3}} Tehran.",choice|Hello~I'm thirsty~No|My name is~I'm staying in~Yes|I'm from~I'm staying in~I'm thirsty,0|0|0,,,,جاهای خالی رو با کلمه‌ی درستش پر کن.
12444,2,cloze_passage,exercise,12443,"Ali: Hello! My name is Ali.
Sara: {{1}}! I'm from Tehran.",word_bank|Nice to meet you~Please~Thank you|Nice to meet you,,,,,کلمه‌های درست رو از بین گزینه‌ها انتخاب کن.
12445,2,cloze_passage,exercise,12443,"Ali: Hello! My name is Ali.
Sara: {{1}}! I'm from Tehran.",choice|Hello~Nice to meet you~No,1,,,,جاهای خالی رو با کلمه‌ی درستش پر کن.
12446,2,cloze_passage,exercise,12443,"Ali: {{1}}! {{2}} Ali.
Sara: Nice to meet you! {{3}} Tehran.",word_bank|My name is~Please~I'm from~Hello~Thank you|Hello~My name is~I'm from,,,,,کلمه‌های درست رو از بین گزینه‌ها انتخاب کن.
12447,3,preview_card,preview,12448,حالا یه مکالمه‌ی کوتاه می‌بینی که فقط از کلمات همین دوره ساخته شده، با چندتا جای خالی. باید جاهای خالی رو با کلمه‌ی درست پر کنی.,باشه,,,,,
12448,3,cloze_passage,main,,"Ali: Excuse me, {{1}} this?
Sara: This is ten.
Ali: {{2}}! I want {{3}}.",choice|how much is~Four~I'm thirsty|Too expensive~Four~a|Please~This~change,0|0|2,,,,جاهای خالی رو با کلمه‌ی درستش پر کن.
12449,3,cloze_passage,exercise,12448,"Ali: Excuse me, how much is this?
Sara: {{2}} {{1}}.
Ali: Too expensive! I want change.",word_bank|Five~ten~This is~Two|ten~This is,,,,,کلمه‌های درست رو از بین گزینه‌ها انتخاب کن.
12450,3,cloze_passage,exercise,12448,"Ali: Excuse me, how much is this?
Sara: {{2}} {{1}}.
Ali: Too expensive! I want change.",choice|Yes~ten~a|This is~No~Three,1|0,,,,جاهای خالی رو با کلمه‌ی درستش پر کن.
12451,3,cloze_passage,exercise,12448,"Ali: Excuse me, {{1}} this?
Sara: This is ten.
Ali: {{2}}! I want {{3}}.",word_bank|how much is~change~Five~Two~Too expensive|how much is~Too expensive~change,,,,,کلمه‌های درست رو از بین گزینه‌ها انتخاب کن.
12452,4,preview_card,preview,12453,حالا یه مکالمه‌ی کوتاه می‌بینی که فقط از کلمات همین دوره ساخته شده، با چندتا جای خالی. باید جاهای خالی رو با کلمه‌ی درست پر کنی.,باشه,,,,,
12453,4,cloze_passage,main,,"Ali: Excuse me, {{1}}?
Sara: It's {{2}} {{3}}.
Ali: Thank you!",choice|what time is it~Sorry~Change|quarter past~Ten~quarter to|three~I'm hungry~Four,0|0|0,,,,جاهای خالی رو با کلمه‌ی درستش پر کن.
12454,4,cloze_passage,exercise,12453,"Ali: Excuse me, what time is it?
Sara: {{1}} quarter past three.
Ali: {{2}}!",word_bank|Yesterday~Thank you~It's~Today|It's~Thank you,,,,,کلمه‌های درست رو از بین گزینه‌ها انتخاب کن.
12455,4,cloze_passage,exercise,12453,"Ali: Excuse me, what time is it?
Sara: {{1}} quarter past three.
Ali: {{2}}!",choice|Thirty~It's~Nice to meet you|Thank you~I'm hungry~Two,1|0,,,,جاهای خالی رو با کلمه‌ی درستش پر کن.
12456,4,cloze_passage,exercise,12453,"Ali: Excuse me, {{1}}?
Sara: It's {{2}} {{3}}.
Ali: Thank you!",word_bank|quarter past~three~Today~Yesterday~what time is it|what time is it~quarter past~three,,,,,کلمه‌های درست رو از بین گزینه‌ها انتخاب کن.
12457,5,preview_card,preview,12458,حالا یه مکالمه‌ی کوتاه می‌بینی که فقط از کلمات همین دوره ساخته شده، با چندتا جای خالی. باید جاهای خالی رو با کلمه‌ی درست پر کنی.,باشه,,,,,
12458,5,cloze_passage,main,,"Ali: Excuse me, where is the {{1}}?
Sara: This is a gate. Thank you!
Ali: I have a {{2}}. I have a {{3}}.",choice|gate~Twenty~Two|passport~Twenty~I'm staying in|Seven~What time is it?~boarding pass,0|0|2,,,,جاهای خالی رو با کلمه‌ی درستش پر کن.
12459,5,cloze_passage,exercise,12458,"Ali: {{1}}, where is the gate?
Sara: {{2}} a gate. Thank you!
Ali: I have a passport. I have a boarding pass.",word_bank|Thank you~This is~Excuse me~Suitcase|Excuse me~This is,,,,,کلمه‌های درست رو از بین گزینه‌ها انتخاب کن.
12460,5,cloze_passage,exercise,12458,"Ali: {{1}}, where is the gate?
Sara: {{2}} a gate. Thank you!
Ali: I have a passport. I have a boarding pass.",choice|I'm hungry~Excuse me~I'm thirsty|Ten~Five~This is,1|2,,,,جاهای خالی رو با کلمه‌ی درستش پر کن.
12461,5,cloze_passage,exercise,12458,"Ali: Excuse me, where is the {{1}}?
Sara: This is a gate. Thank you!
Ali: I have a {{2}}. I have a {{3}}.",word_bank|passport~Thank you~gate~boarding pass~Suitcase|gate~passport~boarding pass,,,,,کلمه‌های درست رو از بین گزینه‌ها انتخاب کن.
12462,6,preview_card,preview,12463,حالا یه مکالمه‌ی کوتاه می‌بینی که فقط از کلمات همین دوره ساخته شده، با چندتا جای خالی. باید جاهای خالی رو با کلمه‌ی درست پر کنی.,باشه,,,,,
12463,6,cloze_passage,main,,"Ali: Excuse me, I need a {{1}}.
Sara: {{2}}. This is a taxi.
Ali: Thank you! Straight ahead?
Sara: No, {{3}}.",choice|I'm thirsty~taxi~Fifty|Turn left~Sorry~This|Hello~Too expensive~turn right,1|0|2,,,,جاهای خالی رو با کلمه‌ی درستش پر کن.
12464,6,cloze_passage,exercise,12463,"Ali: Excuse me, {{1}} a taxi.
Sara: Turn left. This is a taxi.
Ali: Thank you! {{2}}?
Sara: No, turn right.",word_bank|Bus~Straight ahead~I need~Thank you|I need~Straight ahead,,,,,کلمه‌های درست رو از بین گزینه‌ها انتخاب کن.
12465,6,cloze_passage,exercise,12463,"Ali: Excuse me, {{1}} a taxi.
Sara: Turn left. This is a taxi.
Ali: Thank you! {{2}}?
Sara: No, turn right.",choice|I need~Water~o'clock|Twelve~Straight ahead~Hello,0|1,,,,جاهای خالی رو با کلمه‌ی درستش پر کن.
12466,6,cloze_passage,exercise,12463,"Ali: Excuse me, I need a {{1}}.
Sara: {{2}}. This is a taxi.
Ali: Thank you! Straight ahead?
Sara: No, {{3}}.",word_bank|Thank you~turn right~Bus~Turn left~taxi|taxi~Turn left~turn right,,,,,کلمه‌های درست رو از بین گزینه‌ها انتخاب کن.
12467,7,preview_card,preview,12468,حالا یه مکالمه‌ی کوتاه می‌بینی که فقط از کلمات همین دوره ساخته شده، با چندتا جای خالی. باید جاهای خالی رو با کلمه‌ی درست پر کنی.,باشه,,,,,
12468,7,cloze_passage,main,,"Ali: Excuse me, I have a {{1}}.
Sara: This is a {{2}}. Room ten.
Ali: Thank you! This is {{3}}.",choice|One~reservation~Passport|a~key~Gate|It's~I have~broken,1|1|2,,,,جاهای خالی رو با کلمه‌ی درستش پر کن.
12469,7,cloze_passage,exercise,12468,"Ali: Excuse me, {{1}} a reservation.
Sara: This is a key. {{2}} ten.
Ali: Thank you! This is broken.",word_bank|Room~Suitcase~Ten~I have|I have~Room,,,,,کلمه‌های درست رو از بین گزینه‌ها انتخاب کن.
12470,7,cloze_passage,exercise,12468,"Ali: Excuse me, {{1}} a reservation.
Sara: This is a key. {{2}} ten.
Ali: Thank you! This is broken.",choice|Four~Please~I have|I'm staying in~Room~Thirty,2|1,,,,جاهای خالی رو با کلمه‌ی درستش پر کن.
12471,7,cloze_passage,exercise,12468,"Ali: Excuse me, I have a {{1}}.
Sara: This is a {{2}}. Room ten.
Ali: Thank you! This is {{3}}.",word_bank|reservation~key~Suitcase~broken~Ten|reservation~key~broken,,,,,کلمه‌های درست رو از بین گزینه‌ها انتخاب کن.
12472,8,preview_card,preview,12473,حالا یه مکالمه‌ی کوتاه می‌بینی که فقط از کلمات همین دوره ساخته شده، با چندتا جای خالی. باید جاهای خالی رو با کلمه‌ی درست پر کنی.,باشه,,,,,
12473,8,cloze_passage,main,,"Ali: Excuse me, this is a {{1}}.
Sara: Thank you! This is {{2}}.
Ali: This is {{3}}?
Sara: No, this is sweet.",choice|Ten~menu~My name is|I'm thirsty~delicious~The bill|One~spicy~Forty,1|1|1,,,,جاهای خالی رو با کلمه‌ی درستش پر کن.
12474,8,cloze_passage,exercise,12473,"Ali: Excuse me, {{2}} a menu.
Sara: Thank you! This is delicious.
Ali: This is spicy?
Sara: No, this is {{1}}.",word_bank|sweet~Bitter~Sour~this is|sweet~this is,,,,,کلمه‌های درست رو از بین گزینه‌ها انتخاب کن.
12475,8,cloze_passage,exercise,12473,"Ali: Excuse me, {{2}} a menu.
Sara: Thank you! This is delicious.
Ali: This is spicy?
Sara: No, this is {{1}}.",choice|sweet~Eight~I'm from|I'm staying in~this is~Change,0|1,,,,جاهای خالی رو با کلمه‌ی درستش پر کن.
12476,8,cloze_passage,exercise,12473,"Ali: Excuse me, this is a {{1}}.
Sara: Thank you! This is {{2}}.
Ali: This is {{3}}?
Sara: No, this is sweet.",word_bank|spicy~delicious~menu~Bitter~Sour|menu~delicious~spicy,,,,,کلمه‌های درست رو از بین گزینه‌ها انتخاب کن.
12477,9,preview_card,preview,12478,حالا یه مکالمه‌ی کوتاه می‌بینی که فقط از کلمات همین دوره ساخته شده، با چندتا جای خالی. باید جاهای خالی رو با کلمه‌ی درست پر کنی.,باشه,,,,,
12478,9,cloze_passage,main,,"Ali: Excuse me, this is {{1}}.
Sara: This is {{2}}. How much is this?
Ali: {{3}}, please! I have cash.",choice|Straight ahead~quarter past~too big|too small~Broken~Where is the|Discount~Broken~Where is the,2|0|0,,,,جاهای خالی رو با کلمه‌ی درستش پر کن.
12479,9,cloze_passage,exercise,12478,"Ali: Excuse me, this is too big.
Sara: This is too small. {{2}} this?
Ali: Discount, please! I have {{1}}.",word_bank|cash~How much is~Please~Card|cash~How much is,,,,,کلمه‌های درست رو از بین گزینه‌ها انتخاب کن.
12480,9,cloze_passage,exercise,12478,"Ali: Excuse me, this is too big.
Sara: This is too small. {{2}} this?
Ali: Discount, please! I have {{1}}.",choice|cash~Water~Excuse me|Seven~Too small~How much is,0|2,,,,جاهای خالی رو با کلمه‌ی درستش پر کن.
12481,9,cloze_passage,exercise,12478,"Ali: Excuse me, this is {{1}}.
Sara: This is {{2}}. How much is this?
Ali: {{3}}, please! I have cash.",word_bank|too big~too small~Card~Discount~Please|too big~too small~Discount,,,,,کلمه‌های درست رو از بین گزینه‌ها انتخاب کن.
12482,10,preview_card,preview,12483,حالا یه مکالمه‌ی کوتاه می‌بینی که فقط از کلمات همین دوره ساخته شده، با چندتا جای خالی. باید جاهای خالی رو با کلمه‌ی درست پر کنی.,باشه,,,,,
12483,10,cloze_passage,main,,"Ali: {{1}} today!
Sara: Yes, {{2}}.
Ali: {{3}}! No problem.",choice|Nine~a~Nice weather|I agree~Four~I need|Too small~Congratulations~Suitcase,2|0|1,,,,جاهای خالی رو با کلمه‌ی درستش پر کن.
12484,10,cloze_passage,exercise,12483,"Ali: Nice weather {{2}}!
Sara: Yes, I agree.
Ali: Congratulations! {{1}}.",word_bank|today~I disagree~No problem~Yesterday|No problem~today,,,,,کلمه‌های درست رو از بین گزینه‌ها انتخاب کن.
12485,10,cloze_passage,exercise,12483,"Ali: Nice weather {{2}}!
Sara: Yes, I agree.
Ali: Congratulations! {{1}}.",choice|Too small~No problem~The bill|today~Reservation~Room,1|0,,,,جاهای خالی رو با کلمه‌ی درستش پر کن.
12486,10,cloze_passage,exercise,12483,"Ali: {{1}} today!
Sara: Yes, {{2}}.
Ali: {{3}}! No problem.",word_bank|I agree~Yesterday~Congratulations~Nice weather~I disagree|Nice weather~I agree~Congratulations,,,,,کلمه‌های درست رو از بین گزینه‌ها انتخاب کن.
12487,11,preview_card,preview,12488,حالا یه مکالمه‌ی کوتاه می‌بینی که فقط از کلمات همین دوره ساخته شده، با چندتا جای خالی. باید جاهای خالی رو با کلمه‌ی درست پر کنی.,باشه,,,,,
12488,11,cloze_passage,main,,"Ali: Excuse me, I'm lost. {{1}}?
Sara: Yes, no problem.
Ali: I'm looking for {{2}}. {{3}}?
Sara: I don't understand. Slower please.",choice|I need~Can you help me~Tomorrow|Six~Four~this address|Nice weather~Gate~Is it far,1|2|2,,,,جاهای خالی رو با کلمه‌ی درستش پر کن.
12489,11,cloze_passage,exercise,12488,"Ali: Excuse me, {{1}}. Can you help me?
Sara: Yes, no problem.
Ali: I'm looking for this address. Is it far?
Sara: I don't understand. {{2}}.",word_bank|Bathroom~Slower please~I'm lost~Repeat please|I'm lost~Slower please,,,,,کلمه‌های درست رو از بین گزینه‌ها انتخاب کن.
12490,11,cloze_passage,exercise,12488,"Ali: Excuse me, {{1}}. Can you help me?
Sara: Yes, no problem.
Ali: I'm looking for this address. Is it far?
Sara: I don't understand. {{2}}.",choice|I'm lost~Bathroom~Suitcase|Two~Slower please~Can you help me?,0|1,,,,جاهای خالی رو با کلمه‌ی درستش پر کن.
12491,11,cloze_passage,exercise,12488,"Ali: Excuse me, I'm lost. {{1}}?
Sara: Yes, no problem.
Ali: I'm looking for {{2}}. {{3}}?
Sara: I don't understand. Slower please.",word_bank|Repeat please~Can you help me~this address~Bathroom~Is it far|Can you help me~this address~Is it far,,,,,کلمه‌های درست رو از بین گزینه‌ها انتخاب کن.
12492,12,preview_card,preview,12493,حالا یه مکالمه‌ی کوتاه می‌بینی که فقط از کلمات همین دوره ساخته شده، با چندتا جای خالی. باید جاهای خالی رو با کلمه‌ی درست پر کنی.,باشه,,,,,
12493,12,cloze_passage,main,,"Ali: Excuse me, I need a {{1}}.
Sara: This is a {{2}}.
Ali: Thank you! I need a {{3}}.",choice|Seven~SIM card~Eight|Turn right~Where is the~Wifi password|charger~I'm from~Thank you,1|2|0,,,,جاهای خالی رو با کلمه‌ی درستش پر کن.
12494,12,cloze_passage,exercise,12493,"Ali: Excuse me, {{1}} a SIM card.
Sara: {{2}} a Wifi password.
Ali: Thank you! I need a charger.",word_bank|I need~No signal~This is~Battery|I need~This is,,,,,کلمه‌های درست رو از بین گزینه‌ها انتخاب کن.
12495,12,cloze_passage,exercise,12493,"Ali: Excuse me, {{1}} a SIM card.
Sara: {{2}} a Wifi password.
Ali: Thank you! I need a charger.",choice|Passport~Eleven~I need|This is~Tomorrow~Menu,2|0,,,,جاهای خالی رو با کلمه‌ی درستش پر کن.
12496,12,cloze_passage,exercise,12493,"Ali: Excuse me, I need a {{1}}.
Sara: This is a {{2}}.
Ali: Thank you! I need a {{3}}.",word_bank|SIM card~Wifi password~charger~No signal~Battery|SIM card~Wifi password~charger,,,,,کلمه‌های درست رو از بین گزینه‌ها انتخاب کن.
12497,13,preview_card,preview,12498,حالا یه مکالمه‌ی کوتاه می‌بینی که فقط از کلمات همین دوره ساخته شده، با چندتا جای خالی. باید جاهای خالی رو با کلمه‌ی درست پر کنی.,باشه,,,,,
12498,13,cloze_passage,main,,"Ali: Excuse me, {{1}}. {{2}}.
Sara: {{3}}!
Ali: Where is the doctor? Where is the pharmacy?",choice|Menu~I'm sick~Bus|What time is it?~It hurts~No|Reservation~Forty~Call an ambulance,1|1|2,,,,جاهای خالی رو با کلمه‌ی درستش پر کن.
12499,13,cloze_passage,exercise,12498,"Ali: Excuse me, I'm sick. It hurts.
Sara: Call an ambulance!
Ali: Where is the {{1}}? Where is the {{2}}?",word_bank|I'm allergic to~pharmacy~doctor~Excuse me|doctor~pharmacy,,,,,کلمه‌های درست رو از بین گزینه‌ها انتخاب کن.
12500,13,cloze_passage,exercise,12498,"Ali: Excuse me, I'm sick. It hurts.
Sara: Call an ambulance!
Ali: Where is the {{1}}? Where is the {{2}}?",choice|doctor~Yesterday~half past|I'm sick~Wifi password~pharmacy,0|2,,,,جاهای خالی رو با کلمه‌ی درستش پر کن.
12501,13,cloze_passage,exercise,12498,"Ali: Excuse me, {{1}}. {{2}}.
Sara: {{3}}!
Ali: Where is the doctor? Where is the pharmacy?",word_bank|It hurts~I'm sick~Excuse me~Call an ambulance~I'm allergic to|I'm sick~It hurts~Call an ambulance,,,,,کلمه‌های درست رو از بین گزینه‌ها انتخاب کن.
12502,14,preview_card,preview,12503,حالا یه مکالمه‌ی کوتاه می‌بینی که فقط از کلمات همین دوره ساخته شده، با چندتا جای خالی. باید جاهای خالی رو با کلمه‌ی درست پر کنی.,باشه,,,,,
12503,14,cloze_passage,main,,"Ali: {{1}} today!
Sara: {{2}}? I'm free.
Ali: Thank you! {{3}}.",choice|Charger~Turn left~Let's meet|Menu~What time works~Bus|See you later~o'clock~I'm allergic to,2|1|0,,,,جاهای خالی رو با کلمه‌ی درستش پر کن.
12504,14,cloze_passage,exercise,12503,"Ali: Let's meet {{2}}!
Sara: What time works? {{1}}.
Ali: Thank you! See you later.",word_bank|today~Tomorrow~I'm busy~I'm free|I'm free~today,,,,,کلمه‌های درست رو از بین گزینه‌ها انتخاب کن.
12505,14,cloze_passage,exercise,12503,"Ali: Let's meet {{2}}!
Sara: What time works? {{1}}.
Ali: Thank you! See you later.",choice|Twenty~Room~I'm free|today~Gate~Suitcase,2|0,,,,جاهای خالی رو با کلمه‌ی درستش پر کن.
12506,14,cloze_passage,exercise,12503,"Ali: {{1}} today!
Sara: {{2}}? I'm free.
Ali: Thank you! {{3}}.",word_bank|See you later~I'm busy~Tomorrow~What time works~Let's meet|Let's meet~What time works~See you later,,,,,کلمه‌های درست رو از بین گزینه‌ها انتخاب کن.
12507,15,preview_card,preview,12508,حالا یه مکالمه‌ی کوتاه می‌بینی که فقط از کلمات همین دوره ساخته شده، با چندتا جای خالی. باید جاهای خالی رو با کلمه‌ی درست پر کنی.,باشه,,,,,
12508,15,cloze_passage,main,,"Ali: {{1}} water. {{2}} bus.
Sara: I can help! Understand?
Ali: Yes, {{3}}.",choice|Twelve~I like~I'm lost|I don't like~a~I disagree|I can't~I'm free~Twenty,1|0|0,,,,جاهای خالی رو با کلمه‌ی درستش پر کن.
12509,15,cloze_passage,exercise,12508,"Ali: I like water. I don't like bus.
Sara: I can {{1}}! {{2}}?
Ali: Yes, I can't.",word_bank|help~Water~I can~Understand|help~Understand,,,,,کلمه‌های درست رو از بین گزینه‌ها انتخاب کن.
12510,15,cloze_passage,exercise,12508,"Ali: I like water. I don't like bus.
Sara: I can {{1}}! {{2}}?
Ali: Yes, I can't.",choice|I have~Nice to meet you~help|Charger~Understand~Key,2|1,,,,جاهای خالی رو با کلمه‌ی درستش پر کن.
12511,15,cloze_passage,exercise,12508,"Ali: {{1}} water. {{2}} bus.
Sara: I can help! Understand?
Ali: Yes, {{3}}.",word_bank|I like~Water~I can't~I don't like~I can|I like~I don't like~I can't,,,,,کلمه‌های درست رو از بین گزینه‌ها انتخاب کن.
12512,16,preview_card,preview,12513,حالا یه مکالمه‌ی کوتاه می‌بینی که فقط از کلمات همین دوره ساخته شده، با چندتا جای خالی. باید جاهای خالی رو با کلمه‌ی درست پر کنی.,باشه,,,,,
12513,16,cloze_passage,main,,"Ali: This is {{1}}. This is small.
Sara: This is {{2}}! This is {{3}}.",choice|big~Gate~Broken|Charger~Spicy~beautiful|cheap~It's~Suitcase,0|2|0,,,,جاهای خالی رو با کلمه‌ی درستش پر کن.
12514,16,cloze_passage,exercise,12513,"Ali: {{2}} big. This is {{1}}.
Sara: This is beautiful! This is cheap.",word_bank|small~Too small~This is~Too big|small~This is,,,,,کلمه‌های درست رو از بین گزینه‌ها انتخاب کن.
12515,16,cloze_passage,exercise,12513,"Ali: {{2}} big. This is {{1}}.
Sara: This is beautiful! This is cheap.",choice|I'm busy~Sweet~small|This is~Hello~No signal,2|0,,,,جاهای خالی رو با کلمه‌ی درستش پر کن.
12516,16,cloze_passage,exercise,12513,"Ali: This is {{1}}. This is small.
Sara: This is {{2}}! This is {{3}}.",word_bank|Too small~Too big~beautiful~cheap~big|big~beautiful~cheap,,,,,کلمه‌های درست رو از بین گزینه‌ها انتخاب کن.
12517,17,preview_card,preview,12518,حالا یه مکالمه‌ی کوتاه می‌بینی که فقط از کلمات همین دوره ساخته شده، با چندتا جای خالی. باید جاهای خالی رو با کلمه‌ی درست پر کنی.,باشه,,,,,
12518,17,cloze_passage,main,,"Ali: Excuse me, where is the {{1}}?
Sara: Entrance! {{2}}!
Ali: Thank you! Boarding now?
Sara: Yes, it's {{3}}.",choice|exit~Boarding pass~Broken|Card~My name is~Caution|a~delayed~Too expensive,0|2|1,,,,جاهای خالی رو با کلمه‌ی درستش پر کن.
12519,17,cloze_passage,exercise,12518,"Ali: Excuse me, where is the exit?
Sara: {{1}}! Caution!
Ali: Thank you! {{2}}?
Sara: Yes, it's delayed.",word_bank|Bus~Boarding now~Entrance~Taxi|Entrance~Boarding now,,,,,کلمه‌های درست رو از بین گزینه‌ها انتخاب کن.
12520,17,cloze_passage,exercise,12518,"Ali: Excuse me, where is the exit?
Sara: {{1}}! Caution!
Ali: Thank you! {{2}}?
Sara: Yes, it's delayed.",choice|Suitcase~Entrance~Spicy|Yes~Boarding now~This,1|1,,,,جاهای خالی رو با کلمه‌ی درستش پر کن.
12521,17,cloze_passage,exercise,12518,"Ali: Excuse me, where is the {{1}}?
Sara: Entrance! {{2}}!
Ali: Thank you! Boarding now?
Sara: Yes, it's {{3}}.",word_bank|Bus~exit~delayed~Caution~Taxi|exit~Caution~delayed,,,,,کلمه‌های درست رو از بین گزینه‌ها انتخاب کن.
12522,18,preview_card,preview,12523,حالا یه مکالمه‌ی کوتاه می‌بینی که فقط از کلمات همین دوره ساخته شده، با چندتا جای خالی. باید جاهای خالی رو با کلمه‌ی درست پر کنی.,باشه,,,,,
12523,18,cloze_passage,main,,"Ali: Thank you! {{1}}.
Sara: {{2}}! {{3}}.
Ali: My email is this.",choice|I don't understand~Thanks for everything~My name is|Gate~half past~Take care|I can~Keep in touch~Nine,1|2|1,,,,جاهای خالی رو با کلمه‌ی درستش پر کن.
12524,18,cloze_passage,exercise,12523,"Ali: {{2}}! Thanks for everything.
Sara: Take care! Keep in touch.
Ali: {{1}} this.",word_bank|My email is~See you later~Thank you~Congratulations|My email is~Thank you,,,,,کلمه‌های درست رو از بین گزینه‌ها انتخاب کن.
12525,18,cloze_passage,exercise,12523,"Ali: {{2}}! Thanks for everything.
Sara: Take care! Keep in touch.
Ali: {{1}} this.",choice|My email is~Help~Sweet|Four~Water~Thank you,0|2,,,,جاهای خالی رو با کلمه‌ی درستش پر کن.
12526,18,cloze_passage,exercise,12523,"Ali: Thank you! {{1}}.
Sara: {{2}}! {{3}}.
Ali: My email is this.",word_bank|Take care~Thanks for everything~See you later~Congratulations~Keep in touch|Thanks for everything~Take care~Keep in touch,,,,,کلمه‌های درست رو از بین گزینه‌ها انتخاب کن.
12527,1,preview_card,preview,12528,حالا یه مکالمه‌ی کوتاه می‌بینی که فقط از کلمات همین دوره ساخته شده، با چندتا جای خالی. باید جاهای خالی رو با کلمه‌ی درست پر کنی.,باشه,,,,,
12528,1,cloze_passage,main,,"Ali: Sorry! {{1}}, thank you.
Sara: {{2}}, this is {{3}}.",choice|Excuse me~Hello~No|Please~Thank you~This is|I'm thirsty~water~This is,2|0|1,,,,جاهای خالی رو با کلمه‌ی درستش پر کن.
12529,1,cloze_passage,exercise,12528,"Ali: Sorry! {{1}}, thank you.
Sara: {{2}}, this is {{3}}.",word_bank|Please~water~No~Excuse me~Yes|No~Please~water,,,,,کلمه‌های درست رو از بین گزینه‌ها انتخاب کن.
12530,1,cloze_passage,exercise,12528,"Ali: Sorry! {{1}}, thank you.
Sara: {{2}}, this is {{3}}.",choice|I'm hungry~No~I want|Please~I want~I'm thirsty|water~This is~Hello,1|0|0,,,,جاهای خالی رو با کلمه‌ی درستش پر کن.
12531,1,cloze_passage,exercise,12528,"Ali: Sorry! {{1}}, thank you.
Sara: {{2}}, this is {{3}}.",word_bank|Please~Yes~water~No~Excuse me|No~Please~water,,,,,کلمه‌های درست رو از بین گزینه‌ها انتخاب کن.
12532,1,preview_card,preview,12533,حالا یه مکالمه‌ی کوتاه می‌بینی که فقط از کلمات همین دوره ساخته شده، با چندتا جای خالی. باید جاهای خالی رو با کلمه‌ی درست پر کنی.,باشه,,,,,
12533,1,cloze_passage,main,,"Ali: {{1}} water, {{2}}.
Sara: {{3}}, this is water.",choice|Sorry~a~I want|please~Water~Thank you|I'm hungry~Sorry~Yes,2|0|2,,,,جاهای خالی رو با کلمه‌ی درستش پر کن.
12534,1,cloze_passage,exercise,12533,"Ali: {{1}} water, {{2}}.
Sara: {{3}}, this is water.",word_bank|Sorry~No~I want~please~Yes|I want~please~Yes,,,,,کلمه‌های درست رو از بین گزینه‌ها انتخاب کن.
12535,1,cloze_passage,exercise,12533,"Ali: {{1}} water, {{2}}.
Sara: {{3}}, this is water.",choice|Water~I want~Sorry|Hello~please~I'm thirsty|Excuse me~Yes~This is,1|1|1,,,,جاهای خالی رو با کلمه‌ی درستش پر کن.
12536,1,cloze_passage,exercise,12533,"Ali: {{1}} water, {{2}}.
Sara: {{3}}, this is water.",word_bank|Yes~please~No~I want~Sorry|I want~please~Yes,,,,,کلمه‌های درست رو از بین گزینه‌ها انتخاب کن.
12537,1,preview_card,preview,12538,حالا یه مکالمه‌ی کوتاه می‌بینی که فقط از کلمات همین دوره ساخته شده، با چندتا جای خالی. باید جاهای خالی رو با کلمه‌ی درست پر کنی.,باشه,,,,,
12538,1,cloze_passage,main,,"Ali: {{1}}! {{2}}.
Sara: Sorry, no {{3}}.",choice|I want~I'm thirsty~Excuse me|I'm hungry~I want~Thank you|a~Sorry~water,2|0|2,,,,جاهای خالی رو با کلمه‌ی درستش پر کن.
12539,1,cloze_passage,exercise,12538,"Ali: {{1}}! {{2}}.
Sara: Sorry, no {{3}}.",word_bank|Excuse me~This is~water~Please~I'm hungry|Excuse me~I'm hungry~water,,,,,کلمه‌های درست رو از بین گزینه‌ها انتخاب کن.
12540,1,cloze_passage,exercise,12538,"Ali: {{1}}! {{2}}.
Sara: Sorry, no {{3}}.",choice|I'm thirsty~Excuse me~This is|Thank you~a~I'm hungry|water~I'm thirsty~Sorry,1|2|0,,,,جاهای خالی رو با کلمه‌ی درستش پر کن.
12541,1,cloze_passage,exercise,12538,"Ali: {{1}}! {{2}}.
Sara: Sorry, no {{3}}.",word_bank|This is~water~I'm hungry~Please~Excuse me|Excuse me~I'm hungry~water,,,,,کلمه‌های درست رو از بین گزینه‌ها انتخاب کن.
12542,1,preview_card,preview,12543,حالا یه مکالمه‌ی کوتاه می‌بینی که فقط از کلمات همین دوره ساخته شده، با چندتا جای خالی. باید جاهای خالی رو با کلمه‌ی درست پر کنی.,باشه,,,,,
12543,1,cloze_passage,main,,"Ali: {{1}}! I'm thirsty.
Sara: {{2}} water. {{3}}!",choice|I'm thirsty~I'm hungry~Hello|I'm thirsty~a~This is|Thank you~Water~Sorry,2|2|0,,,,جاهای خالی رو با کلمه‌ی درستش پر کن.
12544,1,cloze_passage,exercise,12543,"Ali: {{1}}! I'm thirsty.
Sara: {{2}} water. {{3}}!",word_bank|Thank you~This is~Hello~No~Sorry|Hello~This is~Thank you,,,,,کلمه‌های درست رو از بین گزینه‌ها انتخاب کن.
12545,1,cloze_passage,exercise,12543,"Ali: {{1}}! I'm thirsty.
Sara: {{2}} water. {{3}}!",choice|Sorry~Hello~Excuse me|Excuse me~No~This is|I want~Please~Thank you,1|2|2,,,,جاهای خالی رو با کلمه‌ی درستش پر کن.
12546,1,cloze_passage,exercise,12543,"Ali: {{1}}! I'm thirsty.
Sara: {{2}} water. {{3}}!",word_bank|This is~Thank you~Sorry~No~Hello|Hello~This is~Thank you,,,,,کلمه‌های درست رو از بین گزینه‌ها انتخاب کن.
12547,2,preview_card,preview,12548,حالا یه مکالمه‌ی کوتاه می‌بینی که فقط از کلمات همین دوره ساخته شده، با چندتا جای خالی. باید جاهای خالی رو با کلمه‌ی درست پر کنی.,باشه,,,,,
12548,2,cloze_passage,main,,"A: {{1}} Reza. {{2}} Isfahan.
B: {{3}}!",choice|Hello~My name is~I want|Yes~I'm from~Water|I want~Nice to meet you~I'm hungry,1|1|1,,,,جاهای خالی رو با کلمه‌ی درستش پر کن.
12549,2,cloze_passage,exercise,12548,"A: {{1}} Reza. {{2}} Isfahan.
B: {{3}}!",word_bank|I'm from~Hello~Thank you~Nice to meet you~My name is|My name is~I'm from~Nice to meet you,,,,,کلمه‌های درست رو از بین گزینه‌ها انتخاب کن.
12550,2,cloze_passage,exercise,12548,"A: {{1}} Reza. {{2}} Isfahan.
B: {{3}}!",choice|Yes~My name is~I'm hungry|I'm from~Thank you~I'm staying in|I'm thirsty~Nice to meet you~I'm hungry,1|0|1,,,,جاهای خالی رو با کلمه‌ی درستش پر کن.
12551,2,cloze_passage,exercise,12548,"A: {{1}} Reza. {{2}} Isfahan.
B: {{3}}!",word_bank|I'm from~Thank you~Nice to meet you~My name is~Hello|My name is~I'm from~Nice to meet you,,,,,کلمه‌های درست رو از بین گزینه‌ها انتخاب کن.
12552,2,preview_card,preview,12553,حالا یه مکالمه‌ی کوتاه می‌بینی که فقط از کلمات همین دوره ساخته شده، با چندتا جای خالی. باید جاهای خالی رو با کلمه‌ی درست پر کنی.,باشه,,,,,
12553,2,cloze_passage,main,,"A: {{1}}! {{2}} Tehran.
B: Nice to meet you! {{3}}.",choice|Water~Hello~Nice to meet you|Sorry~I'm from~I'm staying in|I'm thirsty~Thank you~Yes,1|2|1,,,,جاهای خالی رو با کلمه‌ی درستش پر کن.
12554,2,cloze_passage,exercise,12553,"A: {{1}}! {{2}} Tehran.
B: Nice to meet you! {{3}}.",word_bank|Thank you~Sorry~I'm staying in~Please~Hello|Hello~I'm staying in~Thank you,,,,,کلمه‌های درست رو از بین گزینه‌ها انتخاب کن.
12555,2,cloze_passage,exercise,12553,"A: {{1}}! {{2}} Tehran.
B: Nice to meet you! {{3}}.",choice|Hello~Yes~This is|I'm staying in~I'm from~This is|Thank you~This is~I'm from,0|0|0,,,,جاهای خالی رو با کلمه‌ی درستش پر کن.
12556,2,cloze_passage,exercise,12553,"A: {{1}}! {{2}} Tehran.
B: Nice to meet you! {{3}}.",word_bank|Sorry~I'm staying in~Hello~Please~Thank you|Hello~I'm staying in~Thank you,,,,,کلمه‌های درست رو از بین گزینه‌ها انتخاب کن.
12557,2,preview_card,preview,12558,حالا یه مکالمه‌ی کوتاه می‌بینی که فقط از کلمات همین دوره ساخته شده، با چندتا جای خالی. باید جاهای خالی رو با کلمه‌ی درست پر کنی.,باشه,,,,,
12558,2,cloze_passage,main,,"A: {{1}}, {{2}} Maryam.
B: Nice to meet you! {{3}} Yazd.",choice|Excuse me~Nice to meet you~a|I'm hungry~Please~my name is|Water~This is~I'm from,0|2|2,,,,جاهای خالی رو با کلمه‌ی درستش پر کن.
12559,2,cloze_passage,exercise,12558,"A: {{1}}, {{2}} Maryam.
B: Nice to meet you! {{3}} Yazd.",word_bank|Excuse me~Hello~my name is~I'm from~Thank you|Excuse me~my name is~I'm from,,,,,کلمه‌های درست رو از بین گزینه‌ها انتخاب کن.
12560,2,cloze_passage,exercise,12558,"A: {{1}}, {{2}} Maryam.
B: Nice to meet you! {{3}} Yazd.",choice|Excuse me~I'm thirsty~a|my name is~Sorry~Water|Yes~I'm hungry~I'm from,0|0|2,,,,جاهای خالی رو با کلمه‌ی درستش پر کن.
12561,2,cloze_passage,exercise,12558,"A: {{1}}, {{2}} Maryam.
B: Nice to meet you! {{3}} Yazd.",word_bank|Excuse me~Thank you~I'm from~my name is~Hello|Excuse me~my name is~I'm from,,,,,کلمه‌های درست رو از بین گزینه‌ها انتخاب کن.
12562,2,preview_card,preview,12563,حالا یه مکالمه‌ی کوتاه می‌بینی که فقط از کلمات همین دوره ساخته شده، با چندتا جای خالی. باید جاهای خالی رو با کلمه‌ی درست پر کنی.,باشه,,,,,
12563,2,cloze_passage,main,,"A: {{1}}! {{2}} Karaj.
B: My name is Reza. {{3}}!",choice|Hello~Please~I'm hungry|I'm from~Excuse me~My name is|Thank you~Water~Nice to meet you,0|0|2,,,,جاهای خالی رو با کلمه‌ی درستش پر کن.
12564,2,cloze_passage,exercise,12563,"A: {{1}}! {{2}} Karaj.
B: My name is Reza. {{3}}!",word_bank|Nice to meet you~I'm from~Sorry~Excuse me~Hello|Hello~I'm from~Nice to meet you,,,,,کلمه‌های درست رو از بین گزینه‌ها انتخاب کن.
12565,2,cloze_passage,exercise,12563,"A: {{1}}! {{2}} Karaj.
B: My name is Reza. {{3}}!",choice|Please~a~Hello|Water~I'm from~I want|Nice to meet you~I'm thirsty~a,2|1|0,,,,جاهای خالی رو با کلمه‌ی درستش پر کن.
12566,2,cloze_passage,exercise,12563,"A: {{1}}! {{2}} Karaj.
B: My name is Reza. {{3}}!",word_bank|Excuse me~Sorry~I'm from~Nice to meet you~Hello|Hello~I'm from~Nice to meet you,,,,,کلمه‌های درست رو از بین گزینه‌ها انتخاب کن.
12567,3,preview_card,preview,12568,حالا یه مکالمه‌ی کوتاه می‌بینی که فقط از کلمات همین دوره ساخته شده، با چندتا جای خالی. باید جاهای خالی رو با کلمه‌ی درست پر کنی.,باشه,,,,,
12568,3,cloze_passage,main,,"A: Excuse me, {{1}} this?
B: This is {{2}}. {{3}}!",choice|Seven~how much is~I want|Ten~I'm hungry~five|Too expensive~Six~I'm hungry,1|2|0,,,,جاهای خالی رو با کلمه‌ی درستش پر کن.
12569,3,cloze_passage,exercise,12568,"A: Excuse me, {{1}} this?
B: This is {{2}}. {{3}}!",word_bank|Change~Too expensive~how much is~Ten~five|how much is~five~Too expensive,,,,,کلمه‌های درست رو از بین گزینه‌ها انتخاب کن.
12570,3,cloze_passage,exercise,12568,"A: Excuse me, {{1}} this?
B: This is {{2}}. {{3}}!",choice|One~how much is~I'm from|Six~five~This is|This~Too expensive~Nine,1|1|1,,,,جاهای خالی رو با کلمه‌ی درستش پر کن.
12571,3,cloze_passage,exercise,12568,"A: Excuse me, {{1}} this?
B: This is {{2}}. {{3}}!",word_bank|five~Too expensive~how much is~Change~Ten|how much is~five~Too expensive,,,,,کلمه‌های درست رو از بین گزینه‌ها انتخاب کن.
12572,3,preview_card,preview,12573,حالا یه مکالمه‌ی کوتاه می‌بینی که فقط از کلمات همین دوره ساخته شده، با چندتا جای خالی. باید جاهای خالی رو با کلمه‌ی درست پر کنی.,باشه,,,,,
12573,3,cloze_passage,main,,"A: {{1}} {{2}}. {{3}}, please.
B: Thank you!",choice|a~This is~Four|How much is~eight~Ten|Change~I want~No,1|1|0,,,,جاهای خالی رو با کلمه‌ی درستش پر کن.
12574,3,cloze_passage,exercise,12573,"A: {{1}} {{2}}. {{3}}, please.
B: Thank you!",word_bank|Too expensive~This is~Nine~eight~Change|This is~eight~Change,,,,,کلمه‌های درست رو از بین گزینه‌ها انتخاب کن.
12575,3,cloze_passage,exercise,12573,"A: {{1}} {{2}}. {{3}}, please.
B: Thank you!",choice|This~This is~Six|This~Yes~eight|Seven~Thank you~Change,1|2|2,,,,جاهای خالی رو با کلمه‌ی درستش پر کن.
12576,3,cloze_passage,exercise,12573,"A: {{1}} {{2}}. {{3}}, please.
B: Thank you!",word_bank|Nine~Too expensive~Change~eight~This is|This is~eight~Change,,,,,کلمه‌های درست رو از بین گزینه‌ها انتخاب کن.
12577,3,preview_card,preview,12578,حالا یه مکالمه‌ی کوتاه می‌بینی که فقط از کلمات همین دوره ساخته شده، با چندتا جای خالی. باید جاهای خالی رو با کلمه‌ی درست پر کنی.,باشه,,,,,
12578,3,cloze_passage,main,,"A: {{1}} {{2}}. This is {{3}}!
B: This is two.",choice|Five~Please~I want|Six~three~This is|too expensive~Twelve~This is,2|1|0,,,,جاهای خالی رو با کلمه‌ی درستش پر کن.
12579,3,cloze_passage,exercise,12578,"A: {{1}} {{2}}. This is {{3}}!
B: This is two.",word_bank|too expensive~Change~I want~three~Four|I want~three~too expensive,,,,,کلمه‌های درست رو از بین گزینه‌ها انتخاب کن.
12580,3,cloze_passage,exercise,12578,"A: {{1}} {{2}}. This is {{3}}!
B: This is two.",choice|I want~How much is~Four|I'm from~Yes~three|too expensive~a~Six,0|2|0,,,,جاهای خالی رو با کلمه‌ی درستش پر کن.
12581,3,cloze_passage,exercise,12578,"A: {{1}} {{2}}. This is {{3}}!
B: This is two.",word_bank|Four~too expensive~Change~I want~three|I want~three~too expensive,,,,,کلمه‌های درست رو از بین گزینه‌ها انتخاب کن.
12582,3,preview_card,preview,12583,حالا یه مکالمه‌ی کوتاه می‌بینی که فقط از کلمات همین دوره ساخته شده، با چندتا جای خالی. باید جاهای خالی رو با کلمه‌ی درست پر کنی.,باشه,,,,,
12583,3,cloze_passage,main,,"A: This is {{1}}. {{2}} this?
B: This is {{3}}.",choice|twelve~Seven~Five|How much is~Hello~a|Sorry~Ten~one,0|0|2,,,,جاهای خالی رو با کلمه‌ی درستش پر کن.
12584,3,cloze_passage,exercise,12583,"A: This is {{1}}. {{2}} this?
B: This is {{3}}.",word_bank|one~twelve~Six~Ten~How much is|twelve~How much is~one,,,,,کلمه‌های درست رو از بین گزینه‌ها انتخاب کن.
12585,3,cloze_passage,exercise,12583,"A: This is {{1}}. {{2}} this?
B: This is {{3}}.",choice|twelve~Ten~Seven|Please~Six~How much is|Six~one~Water,0|2|1,,,,جاهای خالی رو با کلمه‌ی درستش پر کن.
12586,3,cloze_passage,exercise,12583,"A: This is {{1}}. {{2}} this?
B: This is {{3}}.",word_bank|Six~twelve~How much is~one~Ten|twelve~How much is~one,,,,,کلمه‌های درست رو از بین گزینه‌ها انتخاب کن.
12587,4,preview_card,preview,12588,حالا یه مکالمه‌ی کوتاه می‌بینی که فقط از کلمات همین دوره ساخته شده، با چندتا جای خالی. باید جاهای خالی رو با کلمه‌ی درست پر کنی.,باشه,,,,,
12588,4,cloze_passage,main,,"A: What time is it?
B: {{1}} {{2}} {{3}}.",choice|Tomorrow~Eleven~It's|five~Change~I'm thirsty|Twenty~Tomorrow~o'clock,2|0|2,,,,جاهای خالی رو با کلمه‌ی درستش پر کن.
12589,4,cloze_passage,exercise,12588,"A: What time is it?
B: {{1}} {{2}} {{3}}.",word_bank|five~o'clock~It's~Today~Ten|It's~five~o'clock,,,,,کلمه‌های درست رو از بین گزینه‌ها انتخاب کن.
12590,4,cloze_passage,exercise,12588,"A: What time is it?
B: {{1}} {{2}} {{3}}.",choice|Yesterday~I'm staying in~It's|five~Please~Sorry|Nine~o'clock~Excuse me,2|0|1,,,,جاهای خالی رو با کلمه‌ی درستش پر کن.
12591,4,cloze_passage,exercise,12588,"A: What time is it?
B: {{1}} {{2}} {{3}}.",word_bank|Today~It's~five~o'clock~Ten|It's~five~o'clock,,,,,کلمه‌های درست رو از بین گزینه‌ها انتخاب کن.
12592,4,preview_card,preview,12593,حالا یه مکالمه‌ی کوتاه می‌بینی که فقط از کلمات همین دوره ساخته شده، با چندتا جای خالی. باید جاهای خالی رو با کلمه‌ی درست پر کنی.,باشه,,,,,
12593,4,cloze_passage,main,,"A: It's {{1}} {{2}}.
B: Thank you! {{3}}?",choice|Please~half past~Ten|I'm thirsty~seven~Too expensive|Excuse me~Four~Tomorrow,1|1|2,,,,جاهای خالی رو با کلمه‌ی درستش پر کن.
12594,4,cloze_passage,exercise,12593,"A: It's {{1}} {{2}}.
B: Thank you! {{3}}?",word_bank|Nine~Yesterday~half past~Tomorrow~seven|half past~seven~Tomorrow,,,,,کلمه‌های درست رو از بین گزینه‌ها انتخاب کن.
12595,4,cloze_passage,exercise,12593,"A: It's {{1}} {{2}}.
B: Thank you! {{3}}?",choice|half past~No~Yesterday|seven~Two~Six|I'm staying in~o'clock~Tomorrow,0|0|2,,,,جاهای خالی رو با کلمه‌ی درستش پر کن.
12596,4,cloze_passage,exercise,12593,"A: It's {{1}} {{2}}.
B: Thank you! {{3}}?",word_bank|seven~half past~Tomorrow~Yesterday~Nine|half past~seven~Tomorrow,,,,,کلمه‌های درست رو از بین گزینه‌ها انتخاب کن.
12597,4,preview_card,preview,12598,حالا یه مکالمه‌ی کوتاه می‌بینی که فقط از کلمات همین دوره ساخته شده، با چندتا جای خالی. باید جاهای خالی رو با کلمه‌ی درست پر کنی.,باشه,,,,,
12598,4,cloze_passage,main,,"A: It's {{1}} {{2}}.
B: {{3}}? Yesterday?",choice|Seven~two~Yes|Hello~Thank you~forty|Today~I'm from~o'clock,1|2|0,,,,جاهای خالی رو با کلمه‌ی درستش پر کن.
12599,4,cloze_passage,exercise,12598,"A: It's {{1}} {{2}}.
B: {{3}}? Yesterday?",word_bank|Thirty~Tomorrow~forty~two~Today|two~forty~Today,,,,,کلمه‌های درست رو از بین گزینه‌ها انتخاب کن.
12600,4,cloze_passage,exercise,12598,"A: It's {{1}} {{2}}.
B: {{3}}? Yesterday?",choice|This~Hello~two|Twenty~forty~Eight|Today~This~quarter to,2|1|0,,,,جاهای خالی رو با کلمه‌ی درستش پر کن.
12601,4,cloze_passage,exercise,12598,"A: It's {{1}} {{2}}.
B: {{3}}? Yesterday?",word_bank|Thirty~Tomorrow~forty~two~Today|two~forty~Today,,,,,کلمه‌های درست رو از بین گزینه‌ها انتخاب کن.
12602,4,preview_card,preview,12603,حالا یه مکالمه‌ی کوتاه می‌بینی که فقط از کلمات همین دوره ساخته شده، با چندتا جای خالی. باید جاهای خالی رو با کلمه‌ی درست پر کنی.,باشه,,,,,
12603,4,cloze_passage,main,,"A: It's {{1}} {{2}}.
B: Thank you! It's {{3}}.",choice|It's~quarter to~Too expensive|nine~Change~I'm staying in|eleven~Four~Fifteen,1|0|0,,,,جاهای خالی رو با کلمه‌ی درستش پر کن.
12604,4,cloze_passage,exercise,12603,"A: It's {{1}} {{2}}.
B: Thank you! It's {{3}}.",word_bank|eleven~quarter to~Twenty~nine~Fifty|quarter to~nine~eleven,,,,,کلمه‌های درست رو از بین گزینه‌ها انتخاب کن.
12605,4,cloze_passage,exercise,12603,"A: It's {{1}} {{2}}.
B: Thank you! It's {{3}}.",choice|Forty~quarter to~Six|Today~Twelve~nine|Seven~eleven~Twelve,1|2|1,,,,جاهای خالی رو با کلمه‌ی درستش پر کن.
12606,4,cloze_passage,exercise,12603,"A: It's {{1}} {{2}}.
B: Thank you! It's {{3}}.",word_bank|nine~Fifty~Twenty~quarter to~eleven|quarter to~nine~eleven,,,,,کلمه‌های درست رو از بین گزینه‌ها انتخاب کن.
12607,5,preview_card,preview,12608,حالا یه مکالمه‌ی کوتاه می‌بینی که فقط از کلمات همین دوره ساخته شده، با چندتا جای خالی. باید جاهای خالی رو با کلمه‌ی درست پر کنی.,باشه,,,,,
12608,5,cloze_passage,main,,"A: {{1}} {{2}}?
B: {{3}} a suitcase.",choice|Where is the~quarter past~Three|Boarding pass~suitcase~quarter past|Please~This is~I want,0|1|1,,,,جاهای خالی رو با کلمه‌ی درستش پر کن.
12609,5,cloze_passage,exercise,12608,"A: {{1}} {{2}}?
B: {{3}} a suitcase.",word_bank|Passport~suitcase~Gate~Where is the~This is|Where is the~suitcase~This is,,,,,کلمه‌های درست رو از بین گزینه‌ها انتخاب کن.
12610,5,cloze_passage,exercise,12608,"A: {{1}} {{2}}?
B: {{3}} a suitcase.",choice|Where is the~Boarding pass~I'm hungry|suitcase~o'clock~Nine|This is~What time is it?~Twelve,0|0|0,,,,جاهای خالی رو با کلمه‌ی درستش پر کن.
12611,5,cloze_passage,exercise,12608,"A: {{1}} {{2}}?
B: {{3}} a suitcase.",word_bank|Gate~Where is the~suitcase~Passport~This is|Where is the~suitcase~This is,,,,,کلمه‌های درست رو از بین گزینه‌ها انتخاب کن.
12612,5,preview_card,preview,12613,حالا یه مکالمه‌ی کوتاه می‌بینی که فقط از کلمات همین دوره ساخته شده، با چندتا جای خالی. باید جاهای خالی رو با کلمه‌ی درست پر کنی.,باشه,,,,,
12613,5,cloze_passage,main,,"A: {{1}} a {{2}}. Thank you!
B: Where is the {{3}}?",choice|Fifty~I have~I'm thirsty|Thank you~o'clock~boarding pass|gate~No~I'm thirsty,1|2|0,,,,جاهای خالی رو با کلمه‌ی درستش پر کن.
12614,5,cloze_passage,exercise,12613,"A: {{1}} a {{2}}. Thank you!
B: Where is the {{3}}?",word_bank|gate~Passport~boarding pass~Suitcase~I have|I have~boarding pass~gate,,,,,کلمه‌های درست رو از بین گزینه‌ها انتخاب کن.
12615,5,cloze_passage,exercise,12613,"A: {{1}} a {{2}}. Thank you!
B: Where is the {{3}}?",choice|I have~Change~Nice to meet you|boarding pass~It's~How much is|What time is it?~gate~Nine,0|0|1,,,,جاهای خالی رو با کلمه‌ی درستش پر کن.
12616,5,cloze_passage,exercise,12613,"A: {{1}} a {{2}}. Thank you!
B: Where is the {{3}}?",word_bank|I have~gate~Passport~Suitcase~boarding pass|I have~boarding pass~gate,,,,,کلمه‌های درست رو از بین گزینه‌ها انتخاب کن.
12617,5,preview_card,preview,12618,حالا یه مکالمه‌ی کوتاه می‌بینی که فقط از کلمات همین دوره ساخته شده، با چندتا جای خالی. باید جاهای خالی رو با کلمه‌ی درست پر کنی.,باشه,,,,,
12618,5,cloze_passage,main,,"A: {{1}}, I have a {{2}}.
B: This is a {{3}}.",choice|Excuse me~quarter to~Twenty|Tomorrow~passport~Hello|gate~I'm staying in~Three,0|1|0,,,,جاهای خالی رو با کلمه‌ی درستش پر کن.
12619,5,cloze_passage,exercise,12618,"A: {{1}}, I have a {{2}}.
B: This is a {{3}}.",word_bank|Excuse me~Suitcase~gate~passport~Boarding pass|Excuse me~passport~gate,,,,,کلمه‌های درست رو از بین گزینه‌ها انتخاب کن.
12620,5,cloze_passage,exercise,12618,"A: {{1}}, I have a {{2}}.
B: This is a {{3}}.",choice|Excuse me~Suitcase~Yesterday|passport~What time is it?~Eleven|gate~Today~Five,0|0|0,,,,جاهای خالی رو با کلمه‌ی درستش پر کن.
12621,5,cloze_passage,exercise,12618,"A: {{1}}, I have a {{2}}.
B: This is a {{3}}.",word_bank|gate~Excuse me~passport~Boarding pass~Suitcase|Excuse me~passport~gate,,,,,کلمه‌های درست رو از بین گزینه‌ها انتخاب کن.
12622,6,preview_card,preview,12623,حالا یه مکالمه‌ی کوتاه می‌بینی که فقط از کلمات همین دوره ساخته شده، با چندتا جای خالی. باید جاهای خالی رو با کلمه‌ی درست پر کنی.,باشه,,,,,
12623,6,cloze_passage,main,,"A: {{1}} a {{2}}.
B: {{3}}.",choice|Five~I need~Passport|bus~Hello~Thirty|Straight ahead~I'm hungry~Twenty,1|0|0,,,,جاهای خالی رو با کلمه‌ی درستش پر کن.
12624,6,cloze_passage,exercise,12623,"A: {{1}} a {{2}}.
B: {{3}}.",word_bank|Turn left~Taxi~Straight ahead~I need~bus|I need~bus~Straight ahead,,,,,کلمه‌های درست رو از بین گزینه‌ها انتخاب کن.
12625,6,cloze_passage,exercise,12623,"A: {{1}} a {{2}}.
B: {{3}}.",choice|I need~Two~Thirty|bus~Eight~I'm thirsty|Suitcase~Straight ahead~Please,0|0|1,,,,جاهای خالی رو با کلمه‌ی درستش پر کن.
12626,6,cloze_passage,exercise,12623,"A: {{1}} a {{2}}.
B: {{3}}.",word_bank|I need~Taxi~bus~Straight ahead~Turn left|I need~bus~Straight ahead,,,,,کلمه‌های درست رو از بین گزینه‌ها انتخاب کن.
12627,6,preview_card,preview,12628,حالا یه مکالمه‌ی کوتاه می‌بینی که فقط از کلمات همین دوره ساخته شده، با چندتا جای خالی. باید جاهای خالی رو با کلمه‌ی درست پر کنی.,باشه,,,,,
12628,6,cloze_passage,main,,"A: {{1}}. {{2}} a {{3}}.
B: Thank you!",choice|Turn right~I'm staying in~Two|Taxi~This is~Fifteen|Turn left~Fifty~bus,0|1|2,,,,جاهای خالی رو با کلمه‌ی درستش پر کن.
12629,6,cloze_passage,exercise,12628,"A: {{1}}. {{2}} a {{3}}.
B: Thank you!",word_bank|Taxi~Turn right~bus~This is~Turn left|Turn right~This is~bus,,,,,کلمه‌های درست رو از بین گزینه‌ها انتخاب کن.
12630,6,cloze_passage,exercise,12628,"A: {{1}}. {{2}} a {{3}}.
B: Thank you!",choice|quarter past~Fifty~Turn right|This is~Four~Ten|bus~Turn left~I need,2|0|0,,,,جاهای خالی رو با کلمه‌ی درستش پر کن.
12631,6,cloze_passage,exercise,12628,"A: {{1}}. {{2}} a {{3}}.
B: Thank you!",word_bank|Taxi~This is~bus~Turn right~Turn left|Turn right~This is~bus,,,,,کلمه‌های درست رو از بین گزینه‌ها انتخاب کن.
12632,6,preview_card,preview,12633,حالا یه مکالمه‌ی کوتاه می‌بینی که فقط از کلمات همین دوره ساخته شده، با چندتا جای خالی. باید جاهای خالی رو با کلمه‌ی درست پر کنی.,باشه,,,,,
12633,6,cloze_passage,main,,"A: {{1}}, I need a {{2}}.
B: {{3}}. Straight ahead.",choice|Excuse me~Bus~half past|Four~Eight~taxi|Turn left~Hello~I need,0|2|0,,,,جاهای خالی رو با کلمه‌ی درستش پر کن.
12634,6,cloze_passage,exercise,12633,"A: {{1}}, I need a {{2}}.
B: {{3}}. Straight ahead.",word_bank|taxi~Excuse me~Turn left~Turn right~Bus|Excuse me~taxi~Turn left,,,,,کلمه‌های درست رو از بین گزینه‌ها انتخاب کن.
12635,6,cloze_passage,exercise,12633,"A: {{1}}, I need a {{2}}.
B: {{3}}. Straight ahead.",choice|Nine~Three~Excuse me|Sorry~taxi~Passport|Turn left~Suitcase~Straight ahead,2|1|0,,,,جاهای خالی رو با کلمه‌ی درستش پر کن.
12636,6,cloze_passage,exercise,12633,"A: {{1}}, I need a {{2}}.
B: {{3}}. Straight ahead.",word_bank|Turn left~Bus~Excuse me~Turn right~taxi|Excuse me~taxi~Turn left,,,,,کلمه‌های درست رو از بین گزینه‌ها انتخاب کن.
12637,7,preview_card,preview,12638,حالا یه مکالمه‌ی کوتاه می‌بینی که فقط از کلمات همین دوره ساخته شده، با چندتا جای خالی. باید جاهای خالی رو با کلمه‌ی درست پر کنی.,باشه,,,,,
12638,7,cloze_passage,main,,"A: {{1}} a {{2}}.
B: This is a {{3}}.",choice|I have~Tomorrow~a|Fifty~Today~room|a~key~Yesterday,0|2|1,,,,جاهای خالی رو با کلمه‌ی درستش پر کن.
12639,7,cloze_passage,exercise,12638,"A: {{1}} a {{2}}.
B: This is a {{3}}.",word_bank|key~room~Reservation~I have~Broken|I have~room~key,,,,,کلمه‌های درست رو از بین گزینه‌ها انتخاب کن.
12640,7,cloze_passage,exercise,12638,"A: {{1}} a {{2}}.
B: This is a {{3}}.",choice|I have~Forty~a|room~One~Excuse me|This is~key~Taxi,0|0|1,,,,جاهای خالی رو با کلمه‌ی درستش پر کن.
12641,7,cloze_passage,exercise,12638,"A: {{1}} a {{2}}.
B: This is a {{3}}.",word_bank|Broken~key~Reservation~I have~room|I have~room~key,,,,,کلمه‌های درست رو از بین گزینه‌ها انتخاب کن.
12642,7,preview_card,preview,12643,حالا یه مکالمه‌ی کوتاه می‌بینی که فقط از کلمات همین دوره ساخته شده، با چندتا جای خالی. باید جاهای خالی رو با کلمه‌ی درست پر کنی.,باشه,,,,,
12643,7,cloze_passage,main,,"A: {{1}} {{2}}. I need a {{3}}.
B: Thank you!",choice|Reservation~This is~Seven|I'm thirsty~quarter to~broken|Yes~key~Bus,1|2|1,,,,جاهای خالی رو با کلمه‌ی درستش پر کن.
12644,7,cloze_passage,exercise,12643,"A: {{1}} {{2}}. I need a {{3}}.
B: Thank you!",word_bank|Reservation~This is~key~broken~Room|This is~broken~key,,,,,کلمه‌های درست رو از بین گزینه‌ها انتخاب کن.
12645,7,cloze_passage,exercise,12643,"A: {{1}} {{2}}. I need a {{3}}.
B: Thank you!",choice|No~This is~Suitcase|My name is~Hello~broken|Forty~Gate~key,1|2|2,,,,جاهای خالی رو با کلمه‌ی درستش پر کن.
12646,7,cloze_passage,exercise,12643,"A: {{1}} {{2}}. I need a {{3}}.
B: Thank you!",word_bank|key~broken~Room~Reservation~This is|This is~broken~key,,,,,کلمه‌های درست رو از بین گزینه‌ها انتخاب کن.
12647,7,preview_card,preview,12648,حالا یه مکالمه‌ی کوتاه می‌بینی که فقط از کلمات همین دوره ساخته شده، با چندتا جای خالی. باید جاهای خالی رو با کلمه‌ی درست پر کنی.,باشه,,,,,
12648,7,cloze_passage,main,,"A: {{1}}, I have a {{2}}.
B: {{3}} ten.",choice|This~Excuse me~Broken|What time is it?~reservation~Yesterday|Yesterday~I have~Room,1|1|2,,,,جاهای خالی رو با کلمه‌ی درستش پر کن.
12649,7,cloze_passage,exercise,12648,"A: {{1}}, I have a {{2}}.
B: {{3}} ten.",word_bank|reservation~Broken~Key~Room~Excuse me|Excuse me~reservation~Room,,,,,کلمه‌های درست رو از بین گزینه‌ها انتخاب کن.
12650,7,cloze_passage,exercise,12648,"A: {{1}}, I have a {{2}}.
B: {{3}} ten.",choice|It's~Excuse me~Three|reservation~I want~Change|Too expensive~Twenty~Room,1|0|2,,,,جاهای خالی رو با کلمه‌ی درستش پر کن.
12651,7,cloze_passage,exercise,12648,"A: {{1}}, I have a {{2}}.
B: {{3}} ten.",word_bank|reservation~Room~Excuse me~Key~Broken|Excuse me~reservation~Room,,,,,کلمه‌های درست رو از بین گزینه‌ها انتخاب کن.
12652,7,preview_card,preview,12653,حالا یه مکالمه‌ی کوتاه می‌بینی که فقط از کلمات همین دوره ساخته شده، با چندتا جای خالی. باید جاهای خالی رو با کلمه‌ی درست پر کنی.,باشه,,,,,
12653,7,cloze_passage,main,,"A: This is a {{1}}. This is {{2}}.
B: I need a {{3}}.",choice|Four~Gate~room|Hello~broken~Eleven|key~quarter to~Nine,2|1|0,,,,جاهای خالی رو با کلمه‌ی درستش پر کن.
12654,7,cloze_passage,exercise,12653,"A: This is a {{1}}. This is {{2}}.
B: I need a {{3}}.",word_bank|Ten~room~Reservation~broken~key|room~broken~key,,,,,کلمه‌های درست رو از بین گزینه‌ها انتخاب کن.
12655,7,cloze_passage,exercise,12653,"A: This is a {{1}}. This is {{2}}.
B: I need a {{3}}.",choice|Gate~This is~room|quarter to~broken~No|key~One~Gate,2|1|0,,,,جاهای خالی رو با کلمه‌ی درستش پر کن.
12656,7,cloze_passage,exercise,12653,"A: This is a {{1}}. This is {{2}}.
B: I need a {{3}}.",word_bank|key~room~broken~Reservation~Ten|room~broken~key,,,,,کلمه‌های درست رو از بین گزینه‌ها انتخاب کن.
12657,8,preview_card,preview,12658,حالا یه مکالمه‌ی کوتاه می‌بینی که فقط از کلمات همین دوره ساخته شده، با چندتا جای خالی. باید جاهای خالی رو با کلمه‌ی درست پر کنی.,باشه,,,,,
12658,8,cloze_passage,main,,"A: This is {{1}}.
B: This is {{2}}. {{3}}!",choice|sour~quarter to~Nine|salty~Turn right~Eleven|Hello~a~Delicious,0|0|2,,,,جاهای خالی رو با کلمه‌ی درستش پر کن.
12659,8,cloze_passage,exercise,12658,"A: This is {{1}}.
B: This is {{2}}. {{3}}!",word_bank|sour~Delicious~Sweet~salty~Bitter|sour~salty~Delicious,,,,,کلمه‌های درست رو از بین گزینه‌ها انتخاب کن.
12660,8,cloze_passage,exercise,12658,"A: This is {{1}}.
B: This is {{2}}. {{3}}!",choice|sour~Broken~How much is|It's~salty~Nice to meet you|quarter past~Thank you~Delicious,0|1|2,,,,جاهای خالی رو با کلمه‌ی درستش پر کن.
12661,8,cloze_passage,exercise,12658,"A: This is {{1}}.
B: This is {{2}}. {{3}}!",word_bank|Bitter~Delicious~sour~salty~Sweet|sour~salty~Delicious,,,,,کلمه‌های درست رو از بین گزینه‌ها انتخاب کن.
12662,8,preview_card,preview,12663,حالا یه مکالمه‌ی کوتاه می‌بینی که فقط از کلمات همین دوره ساخته شده، با چندتا جای خالی. باید جاهای خالی رو با کلمه‌ی درست پر کنی.,باشه,,,,,
12663,8,cloze_passage,main,,"A: This is {{1}}. {{2}}, please.
B: {{3}}!",choice|One~Suitcase~bitter|Thirty~It's~The bill|o'clock~Thank you~Ten,2|2|1,,,,جاهای خالی رو با کلمه‌ی درستش پر کن.
12664,8,cloze_passage,exercise,12663,"A: This is {{1}}. {{2}}, please.
B: {{3}}!",word_bank|Menu~Spicy~bitter~Thank you~The bill|bitter~The bill~Thank you,,,,,کلمه‌های درست رو از بین گزینه‌ها انتخاب کن.
12665,8,cloze_passage,exercise,12663,"A: This is {{1}}. {{2}}, please.
B: {{3}}!",choice|Passport~bitter~I'm hungry|Delicious~The bill~My name is|Thank you~Menu~How much is,1|1|0,,,,جاهای خالی رو با کلمه‌ی درستش پر کن.
12666,8,cloze_passage,exercise,12663,"A: This is {{1}}. {{2}}, please.
B: {{3}}!",word_bank|The bill~Thank you~bitter~Menu~Spicy|bitter~The bill~Thank you,,,,,کلمه‌های درست رو از بین گزینه‌ها انتخاب کن.
12667,8,preview_card,preview,12668,حالا یه مکالمه‌ی کوتاه می‌بینی که فقط از کلمات همین دوره ساخته شده، با چندتا جای خالی. باید جاهای خالی رو با کلمه‌ی درست پر کنی.,باشه,,,,,
12668,8,cloze_passage,main,,"A: Excuse me, this is a {{1}}.
B: This is {{2}}! {{3}} water.",choice|Straight ahead~menu~Turn left|spicy~Gate~Seven|Where is the~Please~I want,1|0|2,,,,جاهای خالی رو با کلمه‌ی درستش پر کن.
12669,8,cloze_passage,exercise,12668,"A: Excuse me, this is a {{1}}.
B: This is {{2}}! {{3}} water.",word_bank|spicy~Sour~Sweet~I want~menu|menu~spicy~I want,,,,,کلمه‌های درست رو از بین گزینه‌ها انتخاب کن.
12670,8,cloze_passage,exercise,12668,"A: Excuse me, this is a {{1}}.
B: This is {{2}}! {{3}} water.",choice|Three~menu~Four|My name is~spicy~Yesterday|The bill~I want~Change,1|1|1,,,,جاهای خالی رو با کلمه‌ی درستش پر کن.
12671,8,cloze_passage,exercise,12668,"A: Excuse me, this is a {{1}}.
B: This is {{2}}! {{3}} water.",word_bank|Sour~menu~spicy~I want~Sweet|menu~spicy~I want,,,,,کلمه‌های درست رو از بین گزینه‌ها انتخاب کن.
12672,8,preview_card,preview,12673,حالا یه مکالمه‌ی کوتاه می‌بینی که فقط از کلمات همین دوره ساخته شده، با چندتا جای خالی. باید جاهای خالی رو با کلمه‌ی درست پر کنی.,باشه,,,,,
12673,8,cloze_passage,main,,"A: This is {{1}}. This is {{2}}!
B: {{3}}.",choice|sweet~Passport~Turn right|delicious~Three~My name is|Thirty~Twenty~Thank you,0|0|2,,,,جاهای خالی رو با کلمه‌ی درستش پر کن.
12674,8,cloze_passage,exercise,12673,"A: This is {{1}}. This is {{2}}!
B: {{3}}.",word_bank|Bitter~Salty~Thank you~sweet~delicious|sweet~delicious~Thank you,,,,,کلمه‌های درست رو از بین گزینه‌ها انتخاب کن.
12675,8,cloze_passage,exercise,12673,"A: This is {{1}}. This is {{2}}!
B: {{3}}.",choice|Salty~sweet~Yes|Turn left~delicious~I want|Thank you~Passport~Sour,1|1|0,,,,جاهای خالی رو با کلمه‌ی درستش پر کن.
12676,8,cloze_passage,exercise,12673,"A: This is {{1}}. This is {{2}}!
B: {{3}}.",word_bank|Bitter~sweet~delicious~Thank you~Salty|sweet~delicious~Thank you,,,,,کلمه‌های درست رو از بین گزینه‌ها انتخاب کن.
12677,9,preview_card,preview,12678,حالا یه مکالمه‌ی کوتاه می‌بینی که فقط از کلمات همین دوره ساخته شده، با چندتا جای خالی. باید جاهای خالی رو با کلمه‌ی درست پر کنی.,باشه,,,,,
12678,9,cloze_passage,main,,"A: {{1}} {{2}}.
B: {{3}}, please!",choice|Fifteen~This is~Thank you|Card~too small~What time is it?|Discount~o'clock~Salty,1|1|0,,,,جاهای خالی رو با کلمه‌ی درستش پر کن.
12679,9,cloze_passage,exercise,12678,"A: {{1}} {{2}}.
B: {{3}}, please!",word_bank|too small~This is~Too big~Cash~Discount|This is~too small~Discount,,,,,کلمه‌های درست رو از بین گزینه‌ها انتخاب کن.
12680,9,cloze_passage,exercise,12678,"A: {{1}} {{2}}.
B: {{3}}, please!",choice|Please~Card~This is|Change~too small~Card|Discount~Fifteen~Suitcase,2|1|0,,,,جاهای خالی رو با کلمه‌ی درستش پر کن.
12681,9,cloze_passage,exercise,12678,"A: {{1}} {{2}}.
B: {{3}}, please!",word_bank|Discount~This is~too small~Cash~Too big|This is~too small~Discount,,,,,کلمه‌های درست رو از بین گزینه‌ها انتخاب کن.
12682,9,preview_card,preview,12683,حالا یه مکالمه‌ی کوتاه می‌بینی که فقط از کلمات همین دوره ساخته شده، با چندتا جای خالی. باید جاهای خالی رو با کلمه‌ی درست پر کنی.,باشه,,,,,
12683,9,cloze_passage,main,,"A: I have {{1}}. {{2}} this?
B: This is {{3}}.",choice|cash~Boarding pass~Salty|I'm staying in~Room~How much is|too big~I'm staying in~Where is the,0|2|0,,,,جاهای خالی رو با کلمه‌ی درستش پر کن.
12684,9,cloze_passage,exercise,12683,"A: I have {{1}}. {{2}} this?
B: This is {{3}}.",word_bank|cash~Card~How much is~Discount~too big|cash~How much is~too big,,,,,کلمه‌های درست رو از بین گزینه‌ها انتخاب کن.
12685,9,cloze_passage,exercise,12683,"A: I have {{1}}. {{2}} this?
B: This is {{3}}.",choice|cash~Boarding pass~quarter to|I need~I'm staying in~How much is|too big~Too expensive~Forty,0|2|0,,,,جاهای خالی رو با کلمه‌ی درستش پر کن.
12686,9,cloze_passage,exercise,12683,"A: I have {{1}}. {{2}} this?
B: This is {{3}}.",word_bank|cash~How much is~Discount~Card~too big|cash~How much is~too big,,,,,کلمه‌های درست رو از بین گزینه‌ها انتخاب کن.
12687,9,preview_card,preview,12688,حالا یه مکالمه‌ی کوتاه می‌بینی که فقط از کلمات همین دوره ساخته شده، با چندتا جای خالی. باید جاهای خالی رو با کلمه‌ی درست پر کنی.,باشه,,,,,
12688,9,cloze_passage,main,,"A: {{1}}, I have a {{2}}.
B: This is {{3}}.",choice|Excuse me~Ten~I'm hungry|I'm from~Thirty~card|too small~Too big~Passport,0|2|0,,,,جاهای خالی رو با کلمه‌ی درستش پر کن.
12689,9,cloze_passage,exercise,12688,"A: {{1}}, I have a {{2}}.
B: This is {{3}}.",word_bank|Cash~Excuse me~Too big~too small~card|Excuse me~card~too small,,,,,کلمه‌های درست رو از بین گزینه‌ها انتخاب کن.
12690,9,cloze_passage,exercise,12688,"A: {{1}}, I have a {{2}}.
B: This is {{3}}.",choice|Excuse me~Too big~I'm hungry|a~Where is the~card|Eleven~Where is the~too small,0|2|2,,,,جاهای خالی رو با کلمه‌ی درستش پر کن.
12691,9,cloze_passage,exercise,12688,"A: {{1}}, I have a {{2}}.
B: This is {{3}}.",word_bank|too small~Cash~Too big~card~Excuse me|Excuse me~card~too small,,,,,کلمه‌های درست رو از بین گزینه‌ها انتخاب کن.
12692,9,preview_card,preview,12693,حالا یه مکالمه‌ی کوتاه می‌بینی که فقط از کلمات همین دوره ساخته شده، با چندتا جای خالی. باید جاهای خالی رو با کلمه‌ی درست پر کنی.,باشه,,,,,
12693,9,cloze_passage,main,,"A: This is {{1}}!
B: {{2}}! This is {{3}}.",choice|Spicy~too expensive~Forty|Sorry~Discount~Where is the|Bitter~Today~cash,1|1|2,,,,جاهای خالی رو با کلمه‌ی درستش پر کن.
12694,9,cloze_passage,exercise,12693,"A: This is {{1}}!
B: {{2}}! This is {{3}}.",word_bank|Card~Discount~cash~too expensive~Too big|too expensive~Discount~cash,,,,,کلمه‌های درست رو از بین گزینه‌ها انتخاب کن.
12695,9,cloze_passage,exercise,12693,"A: This is {{1}}!
B: {{2}}! This is {{3}}.",choice|too expensive~Three~Passport|How much is~Discount~Fifty|cash~half past~Bus,0|1|0,,,,جاهای خالی رو با کلمه‌ی درستش پر کن.
12696,9,cloze_passage,exercise,12693,"A: This is {{1}}!
B: {{2}}! This is {{3}}.",word_bank|Too big~Card~cash~too expensive~Discount|too expensive~Discount~cash,,,,,کلمه‌های درست رو از بین گزینه‌ها انتخاب کن.
12697,10,preview_card,preview,12698,حالا یه مکالمه‌ی کوتاه می‌بینی که فقط از کلمات همین دوره ساخته شده، با چندتا جای خالی. باید جاهای خالی رو با کلمه‌ی درست پر کنی.,باشه,,,,,
12698,10,cloze_passage,main,,"A: {{1}}.
B: {{2}}!",choice|This is~Tomorrow~I disagree|Cash~No problem~I need,2|1,,,,جاهای خالی رو با کلمه‌ی درستش پر کن.
12699,10,cloze_passage,exercise,12698,"A: {{1}}.
B: {{2}}!",word_bank|No problem~I agree~I disagree~Congratulations|I disagree~No problem,,,,,کلمه‌های درست رو از بین گزینه‌ها انتخاب کن.
12700,10,cloze_passage,exercise,12698,"A: {{1}}.
B: {{2}}!",choice|Hello~I disagree~Nine|No problem~Gate~Taxi,1|0,,,,جاهای خالی رو با کلمه‌ی درستش پر کن.
12701,10,cloze_passage,exercise,12698,"A: {{1}}.
B: {{2}}!",word_bank|No problem~I disagree~I agree~Congratulations|I disagree~No problem,,,,,کلمه‌های درست رو از بین گزینه‌ها انتخاب کن.
12702,10,preview_card,preview,12703,حالا یه مکالمه‌ی کوتاه می‌بینی که فقط از کلمات همین دوره ساخته شده، با چندتا جای خالی. باید جاهای خالی رو با کلمه‌ی درست پر کنی.,باشه,,,,,
12703,10,cloze_passage,main,,"A: {{1}}! {{2}} today.
B: Yes, {{3}}.",choice|Congratulations~Three~Bitter|Yesterday~Twenty~Nice weather|I agree~a~Forty,0|2|0,,,,جاهای خالی رو با کلمه‌ی درستش پر کن.
12704,10,cloze_passage,exercise,12703,"A: {{1}}! {{2}} today.
B: Yes, {{3}}.",word_bank|Nice weather~I agree~Congratulations~I disagree~No problem|Congratulations~Nice weather~I agree,,,,,کلمه‌های درست رو از بین گزینه‌ها انتخاب کن.
12705,10,cloze_passage,exercise,12703,"A: {{1}}! {{2}} today.
B: Yes, {{3}}.",choice|Menu~Tomorrow~Congratulations|Nice weather~Eleven~Cash|I agree~Room~Gate,2|0|0,,,,جاهای خالی رو با کلمه‌ی درستش پر کن.
12706,10,cloze_passage,exercise,12703,"A: {{1}}! {{2}} today.
B: Yes, {{3}}.",word_bank|Congratulations~I disagree~I agree~Nice weather~No problem|Congratulations~Nice weather~I agree,,,,,کلمه‌های درست رو از بین گزینه‌ها انتخاب کن.
12707,10,preview_card,preview,12708,حالا یه مکالمه‌ی کوتاه می‌بینی که فقط از کلمات همین دوره ساخته شده، با چندتا جای خالی. باید جاهای خالی رو با کلمه‌ی درست پر کنی.,باشه,,,,,
12708,10,cloze_passage,main,,"A: {{1}}! {{2}}.
B: I agree. {{3}}.",choice|Cash~Nice weather~The bill|Card~Thank you~Hello|Yesterday~a~No problem,1|1|2,,,,جاهای خالی رو با کلمه‌ی درستش پر کن.
12709,10,cloze_passage,exercise,12708,"A: {{1}}! {{2}}.
B: I agree. {{3}}.",word_bank|Nice weather~Thank you~I disagree~No problem~Congratulations|Nice weather~Thank you~No problem,,,,,کلمه‌های درست رو از بین گزینه‌ها انتخاب کن.
12710,10,cloze_passage,exercise,12708,"A: {{1}}! {{2}}.
B: I agree. {{3}}.",choice|Nice weather~Five~Salty|Reservation~Thank you~Menu|No problem~Congratulations~I'm from,0|1|0,,,,جاهای خالی رو با کلمه‌ی درستش پر کن.
12711,10,cloze_passage,exercise,12708,"A: {{1}}! {{2}}.
B: I agree. {{3}}.",word_bank|I disagree~Congratulations~No problem~Nice weather~Thank you|Nice weather~Thank you~No problem,,,,,کلمه‌های درست رو از بین گزینه‌ها انتخاب کن.
12712,11,preview_card,preview,12713,حالا یه مکالمه‌ی کوتاه می‌بینی که فقط از کلمات همین دوره ساخته شده، با چندتا جای خالی. باید جاهای خالی رو با کلمه‌ی درست پر کنی.,باشه,,,,,
12713,11,cloze_passage,main,,"A: {{1}}. {{2}}?
B: {{3}}.",choice|Repeat please~This~I'm lost|Is it far~I'm from~Sweet|Yes~Nice to meet you~I don't understand,2|0|2,,,,جاهای خالی رو با کلمه‌ی درستش پر کن.
12714,11,cloze_passage,exercise,12713,"A: {{1}}. {{2}}?
B: {{3}}.",word_bank|I'm lost~Is it far~Repeat please~Bathroom~I don't understand|I'm lost~Is it far~I don't understand,,,,,کلمه‌های درست رو از بین گزینه‌ها انتخاب کن.
12715,11,cloze_passage,exercise,12713,"A: {{1}}. {{2}}?
B: {{3}}.",choice|Repeat please~This address~I'm lost|Slower please~Is it far~Twelve|Menu~I don't understand~I'm from,2|1|1,,,,جاهای خالی رو با کلمه‌ی درستش پر کن.
12716,11,cloze_passage,exercise,12713,"A: {{1}}. {{2}}?
B: {{3}}.",word_bank|Repeat please~Bathroom~I don't understand~Is it far~I'm lost|I'm lost~Is it far~I don't understand,,,,,کلمه‌های درست رو از بین گزینه‌ها انتخاب کن.
12717,11,preview_card,preview,12718,حالا یه مکالمه‌ی کوتاه می‌بینی که فقط از کلمات همین دوره ساخته شده، با چندتا جای خالی. باید جاهای خالی رو با کلمه‌ی درست پر کنی.,باشه,,,,,
12718,11,cloze_passage,main,,"A: {{1}}, where is the {{2}}?
B: {{3}} a bathroom.",choice|Twenty~Six~Excuse me|bathroom~Boarding pass~Can you help me?|This is~Bus~Suitcase,2|0|0,,,,جاهای خالی رو با کلمه‌ی درستش پر کن.
12719,11,cloze_passage,exercise,12718,"A: {{1}}, where is the {{2}}?
B: {{3}} a bathroom.",word_bank|Repeat please~This is~I'm lost~Excuse me~bathroom|Excuse me~bathroom~This is,,,,,کلمه‌های درست رو از بین گزینه‌ها انتخاب کن.
12720,11,cloze_passage,exercise,12718,"A: {{1}}, where is the {{2}}?
B: {{3}} a bathroom.",choice|Excuse me~Six~Can you help me?|I have~My name is~bathroom|This is~Fifty~Broken,0|2|0,,,,جاهای خالی رو با کلمه‌ی درستش پر کن.
12721,11,cloze_passage,exercise,12718,"A: {{1}}, where is the {{2}}?
B: {{3}} a bathroom.",word_bank|Repeat please~Excuse me~I'm lost~This is~bathroom|Excuse me~bathroom~This is,,,,,کلمه‌های درست رو از بین گزینه‌ها انتخاب کن.
12722,11,preview_card,preview,12723,حالا یه مکالمه‌ی کوتاه می‌بینی که فقط از کلمات همین دوره ساخته شده، با چندتا جای خالی. باید جاهای خالی رو با کلمه‌ی درست پر کنی.,باشه,,,,,
12723,11,cloze_passage,main,,"A: {{1}}? {{2}}.
B: {{3}}.",choice|I don't understand~Boarding pass~Can you help me|Repeat please~Suitcase~No problem|Bus~Slower please~Too expensive,2|0|1,,,,جاهای خالی رو با کلمه‌ی درستش پر کن.
12724,11,cloze_passage,exercise,12723,"A: {{1}}? {{2}}.
B: {{3}}.",word_bank|Slower please~This address~I'm lost~Can you help me~Repeat please|Can you help me~Repeat please~Slower please,,,,,کلمه‌های درست رو از بین گزینه‌ها انتخاب کن.
12725,11,cloze_passage,exercise,12723,"A: {{1}}? {{2}}.
B: {{3}}.",choice|I need~Can you help me~How much is|quarter past~Congratulations~Repeat please|Slower please~Nine~Reservation,1|2|0,,,,جاهای خالی رو با کلمه‌ی درستش پر کن.
12726,11,cloze_passage,exercise,12723,"A: {{1}}? {{2}}.
B: {{3}}.",word_bank|Slower please~I'm lost~Can you help me~This address~Repeat please|Can you help me~Repeat please~Slower please,,,,,کلمه‌های درست رو از بین گزینه‌ها انتخاب کن.
12727,11,preview_card,preview,12728,حالا یه مکالمه‌ی کوتاه می‌بینی که فقط از کلمات همین دوره ساخته شده، با چندتا جای خالی. باید جاهای خالی رو با کلمه‌ی درست پر کنی.,باشه,,,,,
12728,11,cloze_passage,main,,"A: {{1}} {{2}}.
B: {{3}}.",choice|Turn right~I'm looking for~Gate|this address~No~I'm hungry|I don't understand~Turn left~It's,1|0|0,,,,جاهای خالی رو با کلمه‌ی درستش پر کن.
12729,11,cloze_passage,exercise,12728,"A: {{1}} {{2}}.
B: {{3}}.",word_bank|Bathroom~I don't understand~I'm looking for~this address~Is it far|I'm looking for~this address~I don't understand,,,,,کلمه‌های درست رو از بین گزینه‌ها انتخاب کن.
12730,11,cloze_passage,exercise,12728,"A: {{1}} {{2}}.
B: {{3}}.",choice|I'm from~I'm looking for~Repeat please|this address~Turn right~Thirty|No~I don't understand~Bitter,1|0|1,,,,جاهای خالی رو با کلمه‌ی درستش پر کن.
12731,11,cloze_passage,exercise,12728,"A: {{1}} {{2}}.
B: {{3}}.",word_bank|Bathroom~Is it far~I don't understand~I'm looking for~this address|I'm looking for~this address~I don't understand,,,,,کلمه‌های درست رو از بین گزینه‌ها انتخاب کن.
12732,12,preview_card,preview,12733,حالا یه مکالمه‌ی کوتاه می‌بینی که فقط از کلمات همین دوره ساخته شده، با چندتا جای خالی. باید جاهای خالی رو با کلمه‌ی درست پر کنی.,باشه,,,,,
12733,12,cloze_passage,main,,"A: {{1}} a {{2}}.
B: {{3}}!",choice|I need~This address~One|Yes~charger~Hello|No signal~Is it far?~Seven,0|1|0,,,,جاهای خالی رو با کلمه‌ی درستش پر کن.
12734,12,cloze_passage,exercise,12733,"A: {{1}} a {{2}}.
B: {{3}}!",word_bank|SIM card~I need~Battery~charger~No signal|I need~charger~No signal,,,,,کلمه‌های درست رو از بین گزینه‌ها انتخاب کن.
12735,12,cloze_passage,exercise,12733,"A: {{1}} a {{2}}.
B: {{3}}!",choice|Reservation~I need~Too expensive|charger~Cash~Bitter|No signal~SIM card~Thirty,1|0|0,,,,جاهای خالی رو با کلمه‌ی درستش پر کن.
12736,12,cloze_passage,exercise,12733,"A: {{1}} a {{2}}.
B: {{3}}!",word_bank|I need~SIM card~Battery~charger~No signal|I need~charger~No signal,,,,,کلمه‌های درست رو از بین گزینه‌ها انتخاب کن.
12737,12,preview_card,preview,12738,حالا یه مکالمه‌ی کوتاه می‌بینی که فقط از کلمات همین دوره ساخته شده، با چندتا جای خالی. باید جاهای خالی رو با کلمه‌ی درست پر کنی.,باشه,,,,,
12738,12,cloze_passage,main,,"A: {{1}} {{2}}.
B: Thank you! {{3}}?",choice|This is~Twenty~This|I want~my phone number~Gate|Two~Battery~Turn left,0|1|1,,,,جاهای خالی رو با کلمه‌ی درستش پر کن.
12739,12,cloze_passage,exercise,12738,"A: {{1}} {{2}}.
B: Thank you! {{3}}?",word_bank|Battery~Charger~This is~No signal~my phone number|This is~my phone number~Battery,,,,,کلمه‌های درست رو از بین گزینه‌ها انتخاب کن.
12740,12,cloze_passage,exercise,12738,"A: {{1}} {{2}}.
B: Thank you! {{3}}?",choice|This is~What time is it?~Gate|Menu~Twenty~my phone number|Battery~I'm hungry~Sorry,0|2|0,,,,جاهای خالی رو با کلمه‌ی درستش پر کن.
12741,12,cloze_passage,exercise,12738,"A: {{1}} {{2}}.
B: Thank you! {{3}}?",word_bank|This is~my phone number~No signal~Battery~Charger|This is~my phone number~Battery,,,,,کلمه‌های درست رو از بین گزینه‌ها انتخاب کن.
12742,12,preview_card,preview,12743,حالا یه مکالمه‌ی کوتاه می‌بینی که فقط از کلمات همین دوره ساخته شده، با چندتا جای خالی. باید جاهای خالی رو با کلمه‌ی درست پر کنی.,باشه,,,,,
12743,12,cloze_passage,main,,"A: {{1}}, I need a {{2}}.
B: This is a {{3}}.",choice|It's~Excuse me~This|I'm hungry~SIM card~Today|Wifi password~Salty~Reservation,1|1|0,,,,جاهای خالی رو با کلمه‌ی درستش پر کن.
12744,12,cloze_passage,exercise,12743,"A: {{1}}, I need a {{2}}.
B: This is a {{3}}.",word_bank|SIM card~Charger~Battery~Excuse me~Wifi password|Excuse me~SIM card~Wifi password,,,,,کلمه‌های درست رو از بین گزینه‌ها انتخاب کن.
12745,12,cloze_passage,exercise,12743,"A: {{1}}, I need a {{2}}.
B: This is a {{3}}.",choice|Eleven~Excuse me~I don't understand|Tomorrow~SIM card~Spicy|Turn left~Slower please~Wifi password,1|1|2,,,,جاهای خالی رو با کلمه‌ی درستش پر کن.
12746,12,cloze_passage,exercise,12743,"A: {{1}}, I need a {{2}}.
B: This is a {{3}}.",word_bank|Battery~Charger~SIM card~Excuse me~Wifi password|Excuse me~SIM card~Wifi password,,,,,کلمه‌های درست رو از بین گزینه‌ها انتخاب کن.
12747,12,preview_card,preview,12748,حالا یه مکالمه‌ی کوتاه می‌بینی که فقط از کلمات همین دوره ساخته شده، با چندتا جای خالی. باید جاهای خالی رو با کلمه‌ی درست پر کنی.,باشه,,,,,
12748,12,cloze_passage,main,,"A: {{1}}!
B: I have a {{2}}. {{3}}?",choice|Reservation~No signal~Too big|My phone number~This~battery|Slower please~Charger~My name is,1|2|1,,,,جاهای خالی رو با کلمه‌ی درستش پر کن.
12749,12,cloze_passage,exercise,12748,"A: {{1}}!
B: I have a {{2}}. {{3}}?",word_bank|Charger~battery~No signal~SIM card~Wifi password|No signal~battery~Charger,,,,,کلمه‌های درست رو از بین گزینه‌ها انتخاب کن.
12750,12,cloze_passage,exercise,12748,"A: {{1}}!
B: I have a {{2}}. {{3}}?",choice|Slower please~Eleven~No signal|Fifteen~battery~Turn left|Yesterday~Charger~Fifteen,2|1|1,,,,جاهای خالی رو با کلمه‌ی درستش پر کن.
12751,12,cloze_passage,exercise,12748,"A: {{1}}!
B: I have a {{2}}. {{3}}?",word_bank|Charger~Wifi password~SIM card~No signal~battery|No signal~battery~Charger,,,,,کلمه‌های درست رو از بین گزینه‌ها انتخاب کن.
12752,13,preview_card,preview,12753,حالا یه مکالمه‌ی کوتاه می‌بینی که فقط از کلمات همین دوره ساخته شده، با چندتا جای خالی. باید جاهای خالی رو با کلمه‌ی درست پر کنی.,باشه,,,,,
12753,13,cloze_passage,main,,"A: {{1}}! {{2}}.
B: {{3}}!",choice|Bitter~Room~It hurts|I'm sick~Two~Water|Gate~Call an ambulance~Eight,2|0|1,,,,جاهای خالی رو با کلمه‌ی درستش پر کن.
12754,13,cloze_passage,exercise,12753,"A: {{1}}! {{2}}.
B: {{3}}!",word_bank|It hurts~Pharmacy~Call an ambulance~I'm sick~Doctor|It hurts~I'm sick~Call an ambulance,,,,,کلمه‌های درست رو از بین گزینه‌ها انتخاب کن.
12755,13,cloze_passage,exercise,12753,"A: {{1}}! {{2}}.
B: {{3}}!",choice|o'clock~It hurts~Bathroom|Wifi password~Twelve~I'm sick|Reservation~Call an ambulance~Suitcase,1|2|1,,,,جاهای خالی رو با کلمه‌ی درستش پر کن.
12756,13,cloze_passage,exercise,12753,"A: {{1}}! {{2}}.
B: {{3}}!",word_bank|I'm sick~It hurts~Pharmacy~Doctor~Call an ambulance|It hurts~I'm sick~Call an ambulance,,,,,کلمه‌های درست رو از بین گزینه‌ها انتخاب کن.
12757,13,preview_card,preview,12758,حالا یه مکالمه‌ی کوتاه می‌بینی که فقط از کلمات همین دوره ساخته شده، با چندتا جای خالی. باید جاهای خالی رو با کلمه‌ی درست پر کنی.,باشه,,,,,
12758,13,cloze_passage,main,,"A: {{1}} {{2}}?
B: {{3}} a doctor.",choice|This~I'm staying in~Where is the|Water~Seven~doctor|Yes~This is~Room,2|2|1,,,,جاهای خالی رو با کلمه‌ی درستش پر کن.
12759,13,cloze_passage,exercise,12758,"A: {{1}} {{2}}?
B: {{3}} a doctor.",word_bank|Where is the~This is~It hurts~Pharmacy~doctor|Where is the~doctor~This is,,,,,کلمه‌های درست رو از بین گزینه‌ها انتخاب کن.
12760,13,cloze_passage,exercise,12758,"A: {{1}} {{2}}?
B: {{3}} a doctor.",choice|Where is the~Call an ambulance~I'm thirsty|Three~doctor~I'm allergic to|I'm looking for~This is~Can you help me?,0|1|1,,,,جاهای خالی رو با کلمه‌ی درستش پر کن.
12761,13,cloze_passage,exercise,12758,"A: {{1}} {{2}}?
B: {{3}} a doctor.",word_bank|This is~Where is the~It hurts~doctor~Pharmacy|Where is the~doctor~This is,,,,,کلمه‌های درست رو از بین گزینه‌ها انتخاب کن.
12762,13,preview_card,preview,12763,حالا یه مکالمه‌ی کوتاه می‌بینی که فقط از کلمات همین دوره ساخته شده، با چندتا جای خالی. باید جاهای خالی رو با کلمه‌ی درست پر کنی.,باشه,,,,,
12763,13,cloze_passage,main,,"A: {{1}} {{2}}.
B: Where is the {{3}}?",choice|Bathroom~Fifty~I'm allergic to|Bathroom~water~Cash|pharmacy~Can you help me?~Where is the,2|1|0,,,,جاهای خالی رو با کلمه‌ی درستش پر کن.
12764,13,cloze_passage,exercise,12763,"A: {{1}} {{2}}.
B: Where is the {{3}}?",word_bank|I'm allergic to~I'm sick~pharmacy~water~Doctor|I'm allergic to~water~pharmacy,,,,,کلمه‌های درست رو از بین گزینه‌ها انتخاب کن.
12765,13,cloze_passage,exercise,12763,"A: {{1}} {{2}}.
B: Where is the {{3}}?",choice|Eleven~I'm staying in~I'm allergic to|water~Four~Five|pharmacy~No signal~Battery,2|0|0,,,,جاهای خالی رو با کلمه‌ی درستش پر کن.
12766,13,cloze_passage,exercise,12763,"A: {{1}} {{2}}.
B: Where is the {{3}}?",word_bank|water~I'm sick~I'm allergic to~Doctor~pharmacy|I'm allergic to~water~pharmacy,,,,,کلمه‌های درست رو از بین گزینه‌ها انتخاب کن.
12767,13,preview_card,preview,12768,حالا یه مکالمه‌ی کوتاه می‌بینی که فقط از کلمات همین دوره ساخته شده، با چندتا جای خالی. باید جاهای خالی رو با کلمه‌ی درست پر کنی.,باشه,,,,,
12768,13,cloze_passage,main,,"A: {{1}}, {{2}}.
B: {{3}}! I'm sick.",choice|Menu~Excuse me~Too big|Straight ahead~Charger~it hurts|Change~Three~Call an ambulance,1|2|2,,,,جاهای خالی رو با کلمه‌ی درستش پر کن.
12769,13,cloze_passage,exercise,12768,"A: {{1}}, {{2}}.
B: {{3}}! I'm sick.",word_bank|Excuse me~Doctor~it hurts~Pharmacy~Call an ambulance|Excuse me~it hurts~Call an ambulance,,,,,کلمه‌های درست رو از بین گزینه‌ها انتخاب کن.
12770,13,cloze_passage,exercise,12768,"A: {{1}}, {{2}}.
B: {{3}}! I'm sick.",choice|Excuse me~I'm lost~No problem|it hurts~Sweet~Fifty|Slower please~I disagree~Call an ambulance,0|0|2,,,,جاهای خالی رو با کلمه‌ی درستش پر کن.
12771,13,cloze_passage,exercise,12768,"A: {{1}}, {{2}}.
B: {{3}}! I'm sick.",word_bank|Excuse me~Call an ambulance~Pharmacy~it hurts~Doctor|Excuse me~it hurts~Call an ambulance,,,,,کلمه‌های درست رو از بین گزینه‌ها انتخاب کن.
12772,14,preview_card,preview,12773,حالا یه مکالمه‌ی کوتاه می‌بینی که فقط از کلمات همین دوره ساخته شده، با چندتا جای خالی. باید جاهای خالی رو با کلمه‌ی درست پر کنی.,باشه,,,,,
12773,14,cloze_passage,main,,"A: {{1}} {{2}}.
B: {{3}}!",choice|I'm busy~Suitcase~Doctor|today~Twelve~Spicy|See you later~Doctor~This is,0|0|0,,,,جاهای خالی رو با کلمه‌ی درستش پر کن.
12774,14,cloze_passage,exercise,12773,"A: {{1}} {{2}}.
B: {{3}}!",word_bank|today~See you later~Let's meet~I'm free~I'm busy|I'm busy~today~See you later,,,,,کلمه‌های درست رو از بین گزینه‌ها انتخاب کن.
12775,14,cloze_passage,exercise,12773,"A: {{1}} {{2}}.
B: {{3}}!",choice|Straight ahead~This~I'm busy|today~Six~Nice to meet you|Passport~Taxi~See you later,2|0|2,,,,جاهای خالی رو با کلمه‌ی درستش پر کن.
12776,14,cloze_passage,exercise,12773,"A: {{1}} {{2}}.
B: {{3}}!",word_bank|I'm busy~Let's meet~I'm free~See you later~today|I'm busy~today~See you later,,,,,کلمه‌های درست رو از بین گزینه‌ها انتخاب کن.
12777,14,preview_card,preview,12778,حالا یه مکالمه‌ی کوتاه می‌بینی که فقط از کلمات همین دوره ساخته شده، با چندتا جای خالی. باید جاهای خالی رو با کلمه‌ی درست پر کنی.,باشه,,,,,
12778,14,cloze_passage,main,,"A: {{1}} {{2}}.
B: {{3}}?",choice|Gate~Room~Let's meet|Forty~Repeat please~tomorrow|What time works~My name is~No signal,2|2|0,,,,جاهای خالی رو با کلمه‌ی درستش پر کن.
12779,14,cloze_passage,exercise,12778,"A: {{1}} {{2}}.
B: {{3}}?",word_bank|What time works~I'm free~tomorrow~Let's meet~I'm busy|Let's meet~tomorrow~What time works,,,,,کلمه‌های درست رو از بین گزینه‌ها انتخاب کن.
12780,14,cloze_passage,exercise,12778,"A: {{1}} {{2}}.
B: {{3}}?",choice|Let's meet~I agree~Salty|Sorry~tomorrow~Nine|What time works~I'm staying in~Hello,0|1|0,,,,جاهای خالی رو با کلمه‌ی درستش پر کن.
12781,14,cloze_passage,exercise,12778,"A: {{1}} {{2}}.
B: {{3}}?",word_bank|Let's meet~What time works~I'm free~I'm busy~tomorrow|Let's meet~tomorrow~What time works,,,,,کلمه‌های درست رو از بین گزینه‌ها انتخاب کن.
12782,14,preview_card,preview,12783,حالا یه مکالمه‌ی کوتاه می‌بینی که فقط از کلمات همین دوره ساخته شده، با چندتا جای خالی. باید جاهای خالی رو با کلمه‌ی درست پر کنی.,باشه,,,,,
12783,14,cloze_passage,main,,"A: {{1}} today.
B: {{2}}! {{3}}.",choice|Thank you~I'm free~I'm allergic to|I don't understand~quarter to~Let's meet|Forty~See you later~It's,1|2|1,,,,جاهای خالی رو با کلمه‌ی درستش پر کن.
12784,14,cloze_passage,exercise,12783,"A: {{1}} today.
B: {{2}}! {{3}}.",word_bank|What time works~I'm free~I'm busy~See you later~Let's meet|I'm free~Let's meet~See you later,,,,,کلمه‌های درست رو از بین گزینه‌ها انتخاب کن.
12785,14,cloze_passage,exercise,12783,"A: {{1}} today.
B: {{2}}! {{3}}.",choice|Slower please~I'm free~Cash|Let's meet~I want~Hello|See you later~It's~Bathroom,1|0|0,,,,جاهای خالی رو با کلمه‌ی درستش پر کن.
12786,14,cloze_passage,exercise,12783,"A: {{1}} today.
B: {{2}}! {{3}}.",word_bank|Let's meet~See you later~I'm busy~What time works~I'm free|I'm free~Let's meet~See you later,,,,,کلمه‌های درست رو از بین گزینه‌ها انتخاب کن.
12787,15,preview_card,preview,12788,حالا یه مکالمه‌ی کوتاه می‌بینی که فقط از کلمات همین دوره ساخته شده، با چندتا جای خالی. باید جاهای خالی رو با کلمه‌ی درست پر کنی.,باشه,,,,,
12788,15,cloze_passage,main,,"A: {{1}} {{2}}.
B: {{3}}? Yes!",choice|I can~Charger~Delicious|Call an ambulance~help~Is it far?|Understand~Four~Is it far?,0|1|0,,,,جاهای خالی رو با کلمه‌ی درستش پر کن.
12789,15,cloze_passage,exercise,12788,"A: {{1}} {{2}}.
B: {{3}}? Yes!",word_bank|I can~Understand~help~I can't~I like|I can~help~Understand,,,,,کلمه‌های درست رو از بین گزینه‌ها انتخاب کن.
12790,15,cloze_passage,exercise,12788,"A: {{1}} {{2}}.
B: {{3}}? Yes!",choice|I can~This~Congratulations|I'm thirsty~Fifteen~help|Doctor~I'm sick~Understand,0|2|2,,,,جاهای خالی رو با کلمه‌ی درستش پر کن.
12791,15,cloze_passage,exercise,12788,"A: {{1}} {{2}}.
B: {{3}}? Yes!",word_bank|I like~help~Understand~I can't~I can|I can~help~Understand,,,,,کلمه‌های درست رو از بین گزینه‌ها انتخاب کن.
12792,15,preview_card,preview,12793,حالا یه مکالمه‌ی کوتاه می‌بینی که فقط از کلمات همین دوره ساخته شده، با چندتا جای خالی. باید جاهای خالی رو با کلمه‌ی درست پر کنی.,باشه,,,,,
12793,15,cloze_passage,main,,"A: {{1}} {{2}}.
B: {{3}} bus.",choice|I like~My phone number~Thirty|I'm busy~Sorry~water|I don't like~Yesterday~I'm from,0|2|0,,,,جاهای خالی رو با کلمه‌ی درستش پر کن.
12794,15,cloze_passage,exercise,12793,"A: {{1}} {{2}}.
B: {{3}} bus.",word_bank|I can~Help~I like~I don't like~water|I like~water~I don't like,,,,,کلمه‌های درست رو از بین گزینه‌ها انتخاب کن.
12795,15,cloze_passage,exercise,12793,"A: {{1}} {{2}}.
B: {{3}} bus.",choice|I like~Sour~Salty|How much is~Fifteen~water|I'm from~I don't like~Fifteen,0|2|1,,,,جاهای خالی رو با کلمه‌ی درستش پر کن.
12796,15,cloze_passage,exercise,12793,"A: {{1}} {{2}}.
B: {{3}} bus.",word_bank|I like~Help~I can~I don't like~water|I like~water~I don't like,,,,,کلمه‌های درست رو از بین گزینه‌ها انتخاب کن.
12797,15,preview_card,preview,12798,حالا یه مکالمه‌ی کوتاه می‌بینی که فقط از کلمات همین دوره ساخته شده، با چندتا جای خالی. باید جاهای خالی رو با کلمه‌ی درست پر کنی.,باشه,,,,,
12798,15,cloze_passage,main,,"A: {{1}} {{2}}.
B: {{3}}! Understand?",choice|I can't~Is it far?~Twelve|I disagree~Bitter~help|See you later~Charger~I can,0|2|2,,,,جاهای خالی رو با کلمه‌ی درستش پر کن.
12799,15,cloze_passage,exercise,12798,"A: {{1}} {{2}}.
B: {{3}}! Understand?",word_bank|help~I like~I can~I don't like~I can't|I can't~help~I can,,,,,کلمه‌های درست رو از بین گزینه‌ها انتخاب کن.
12800,15,cloze_passage,exercise,12798,"A: {{1}} {{2}}.
B: {{3}}! Understand?",choice|My name is~Four~I can't|quarter past~I like~help|I can~Straight ahead~It's,2|2|0,,,,جاهای خالی رو با کلمه‌ی درستش پر کن.
12801,15,cloze_passage,exercise,12798,"A: {{1}} {{2}}.
B: {{3}}! Understand?",word_bank|help~I like~I can't~I don't like~I can|I can't~help~I can,,,,,کلمه‌های درست رو از بین گزینه‌ها انتخاب کن.
12802,15,preview_card,preview,12803,حالا یه مکالمه‌ی کوتاه می‌بینی که فقط از کلمات همین دوره ساخته شده، با چندتا جای خالی. باید جاهای خالی رو با کلمه‌ی درست پر کنی.,باشه,,,,,
12803,15,cloze_passage,main,,"A: {{1}} {{2}}.
B: {{3}} this.",choice|I have~I like~I'm thirsty|Suitcase~One~this|I don't like~I have~Boarding pass,1|2|0,,,,جاهای خالی رو با کلمه‌ی درستش پر کن.
12804,15,cloze_passage,exercise,12803,"A: {{1}} {{2}}.
B: {{3}} this.",word_bank|Help~Understand~I don't like~this~I like|I like~this~I don't like,,,,,کلمه‌های درست رو از بین گزینه‌ها انتخاب کن.
12805,15,cloze_passage,exercise,12803,"A: {{1}} {{2}}.
B: {{3}} this.",choice|Nice to meet you~I like~Straight ahead|Bathroom~this~I agree|Call an ambulance~I don't like~Hello,1|1|1,,,,جاهای خالی رو با کلمه‌ی درستش پر کن.
12806,15,cloze_passage,exercise,12803,"A: {{1}} {{2}}.
B: {{3}} this.",word_bank|I don't like~I like~Help~this~Understand|I like~this~I don't like,,,,,کلمه‌های درست رو از بین گزینه‌ها انتخاب کن.
12807,16,preview_card,preview,12808,حالا یه مکالمه‌ی کوتاه می‌بینی که فقط از کلمات همین دوره ساخته شده، با چندتا جای خالی. باید جاهای خالی رو با کلمه‌ی درست پر کنی.,باشه,,,,,
12808,16,cloze_passage,main,,"A: {{3}} {{1}}.
B: This is {{2}}!",choice|Repeat please~Room~small|cheap~I like~Six|I disagree~This is~Straight ahead,2|0|1,,,,جاهای خالی رو با کلمه‌ی درستش پر کن.
12809,16,cloze_passage,exercise,12808,"A: {{3}} {{1}}.
B: This is {{2}}!",word_bank|Beautiful~small~cheap~Big~This is|small~cheap~This is,,,,,کلمه‌های درست رو از بین گزینه‌ها انتخاب کن.
12810,16,cloze_passage,exercise,12808,"A: {{3}} {{1}}.
B: This is {{2}}!",choice|small~Beautiful~Wifi password|Wifi password~cheap~Repeat please|Sweet~This is~Pharmacy,0|1|1,,,,جاهای خالی رو با کلمه‌ی درستش پر کن.
12811,16,cloze_passage,exercise,12808,"A: {{3}} {{1}}.
B: This is {{2}}!",word_bank|Beautiful~Big~This is~small~cheap|small~cheap~This is,,,,,کلمه‌های درست رو از بین گزینه‌ها انتخاب کن.
12812,16,preview_card,preview,12813,حالا یه مکالمه‌ی کوتاه می‌بینی که فقط از کلمات همین دوره ساخته شده، با چندتا جای خالی. باید جاهای خالی رو با کلمه‌ی درست پر کنی.,باشه,,,,,
12813,16,cloze_passage,main,,"A: This is {{1}}.
B: This is {{2}}!",choice|I'm free~Suitcase~beautiful|Menu~big~Understand,2|1,,,,جاهای خالی رو با کلمه‌ی درستش پر کن.
12814,16,cloze_passage,exercise,12813,"A: This is {{1}}.
B: This is {{2}}!",word_bank|Small~Cheap~big~beautiful|beautiful~big,,,,,کلمه‌های درست رو از بین گزینه‌ها انتخاب کن.
12815,16,cloze_passage,exercise,12813,"A: This is {{1}}.
B: This is {{2}}!",choice|beautiful~Spicy~Today|Discount~big~Nine,0|1,,,,جاهای خالی رو با کلمه‌ی درستش پر کن.
12816,16,cloze_passage,exercise,12813,"A: This is {{1}}.
B: This is {{2}}!",word_bank|beautiful~Cheap~big~Small|beautiful~big,,,,,کلمه‌های درست رو از بین گزینه‌ها انتخاب کن.
12817,16,preview_card,preview,12818,حالا یه مکالمه‌ی کوتاه می‌بینی که فقط از کلمات همین دوره ساخته شده، با چندتا جای خالی. باید جاهای خالی رو با کلمه‌ی درست پر کنی.,باشه,,,,,
12818,16,cloze_passage,main,,"A: This is {{1}}.
B: This is {{2}}. {{3}}!",choice|Ten~too big~Please|Thirty~cheap~What time works?|Nice to meet you~Beautiful~Taxi,1|1|1,,,,جاهای خالی رو با کلمه‌ی درستش پر کن.
12819,16,cloze_passage,exercise,12818,"A: This is {{1}}.
B: This is {{2}}. {{3}}!",word_bank|Too small~Beautiful~cheap~Small~too big|too big~cheap~Beautiful,,,,,کلمه‌های درست رو از بین گزینه‌ها انتخاب کن.
12820,16,cloze_passage,exercise,12818,"A: This is {{1}}.
B: This is {{2}}. {{3}}!",choice|o'clock~too big~Bitter|Eleven~cheap~Boarding pass|It's~This is~Beautiful,1|1|2,,,,جاهای خالی رو با کلمه‌ی درستش پر کن.
12821,16,cloze_passage,exercise,12818,"A: This is {{1}}.
B: This is {{2}}. {{3}}!",word_bank|Too small~too big~cheap~Small~Beautiful|too big~cheap~Beautiful,,,,,کلمه‌های درست رو از بین گزینه‌ها انتخاب کن.
12822,17,preview_card,preview,12823,حالا یه مکالمه‌ی کوتاه می‌بینی که فقط از کلمات همین دوره ساخته شده، با چندتا جای خالی. باید جاهای خالی رو با کلمه‌ی درست پر کنی.,باشه,,,,,
12823,17,cloze_passage,main,,"A: {{1}}! {{2}}.
B: {{3}}.",choice|Caution~I can't~Change|a~Entrance~Nice weather|Three~Boarding pass~Thank you,0|1|2,,,,جاهای خالی رو با کلمه‌ی درستش پر کن.
12824,17,cloze_passage,exercise,12823,"A: {{1}}! {{2}}.
B: {{3}}.",word_bank|Delayed~Caution~Entrance~Thank you~Exit|Caution~Entrance~Thank you,,,,,کلمه‌های درست رو از بین گزینه‌ها انتخاب کن.
12825,17,cloze_passage,exercise,12823,"A: {{1}}! {{2}}.
B: {{3}}.",choice|No problem~Caution~Doctor|Entrance~My phone number~Tomorrow|Thank you~The bill~Repeat please,1|0|0,,,,جاهای خالی رو با کلمه‌ی درستش پر کن.
12826,17,cloze_passage,exercise,12823,"A: {{1}}! {{2}}.
B: {{3}}.",word_bank|Delayed~Caution~Entrance~Exit~Thank you|Caution~Entrance~Thank you,,,,,کلمه‌های درست رو از بین گزینه‌ها انتخاب کن.
12827,17,preview_card,preview,12828,حالا یه مکالمه‌ی کوتاه می‌بینی که فقط از کلمات همین دوره ساخته شده، با چندتا جای خالی. باید جاهای خالی رو با کلمه‌ی درست پر کنی.,باشه,,,,,
12828,17,cloze_passage,main,,"A: {{1}} {{2}}?
B: {{3}}!",choice|I'm from~Where is the~I have|Small~exit~quarter past|What time works?~Boarding now~This address,1|1|1,,,,جاهای خالی رو با کلمه‌ی درستش پر کن.
12829,17,cloze_passage,exercise,12828,"A: {{1}} {{2}}?
B: {{3}}!",word_bank|Where is the~Caution~Boarding now~exit~Entrance|Where is the~exit~Boarding now,,,,,کلمه‌های درست رو از بین گزینه‌ها انتخاب کن.
12830,17,cloze_passage,exercise,12828,"A: {{1}} {{2}}?
B: {{3}}!",choice|a~Cheap~Where is the|exit~Battery~It's|Bitter~Boarding now~Beautiful,2|0|1,,,,جاهای خالی رو با کلمه‌ی درستش پر کن.
12831,17,cloze_passage,exercise,12828,"A: {{1}} {{2}}?
B: {{3}}!",word_bank|Boarding now~Where is the~Caution~Entrance~exit|Where is the~exit~Boarding now,,,,,کلمه‌های درست رو از بین گزینه‌ها انتخاب کن.
12832,17,preview_card,preview,12833,حالا یه مکالمه‌ی کوتاه می‌بینی که فقط از کلمات همین دوره ساخته شده، با چندتا جای خالی. باید جاهای خالی رو با کلمه‌ی درست پر کنی.,باشه,,,,,
12833,17,cloze_passage,main,,"A: {{1}} {{2}}.
B: {{3}}! Exit.",choice|Cash~It's~I'm free|Please~I'm sick~delayed|Caution~Discount~What time works?,1|2|0,,,,جاهای خالی رو با کلمه‌ی درستش پر کن.
12834,17,cloze_passage,exercise,12833,"A: {{1}} {{2}}.
B: {{3}}! Exit.",word_bank|Boarding now~It's~delayed~Entrance~Caution|It's~delayed~Caution,,,,,کلمه‌های درست رو از بین گزینه‌ها انتخاب کن.
12835,17,cloze_passage,exercise,12833,"A: {{1}} {{2}}.
B: {{3}}! Exit.",choice|Delicious~I'm hungry~It's|delayed~Where is the~Understand|I have~Caution~Five,2|0|1,,,,جاهای خالی رو با کلمه‌ی درستش پر کن.
12836,17,cloze_passage,exercise,12833,"A: {{1}} {{2}}.
B: {{3}}! Exit.",word_bank|It's~Entrance~Caution~delayed~Boarding now|It's~delayed~Caution,,,,,کلمه‌های درست رو از بین گزینه‌ها انتخاب کن.
12837,18,preview_card,preview,12838,حالا یه مکالمه‌ی کوتاه می‌بینی که فقط از کلمات همین دوره ساخته شده، با چندتا جای خالی. باید جاهای خالی رو با کلمه‌ی درست پر کنی.,باشه,,,,,
12838,18,cloze_passage,main,,"A: {{1}}!
B: {{2}}.",choice|Take care~Please~Turn right|Eight~Keep in touch~It's,0|1,,,,جاهای خالی رو با کلمه‌ی درستش پر کن.
12839,18,cloze_passage,exercise,12838,"A: {{1}}!
B: {{2}}.",word_bank|Keep in touch~My email is~Thanks for everything~Take care|Take care~Keep in touch,,,,,کلمه‌های درست رو از بین گزینه‌ها انتخاب کن.
12840,18,cloze_passage,exercise,12838,"A: {{1}}!
B: {{2}}.",choice|Take care~Yesterday~Eleven|Keep in touch~Thanks for everything~It hurts,0|0,,,,جاهای خالی رو با کلمه‌ی درستش پر کن.
12841,18,cloze_passage,exercise,12838,"A: {{1}}!
B: {{2}}.",word_bank|Keep in touch~Take care~Thanks for everything~My email is|Take care~Keep in touch,,,,,کلمه‌های درست رو از بین گزینه‌ها انتخاب کن.
12842,18,preview_card,preview,12843,حالا یه مکالمه‌ی کوتاه می‌بینی که فقط از کلمات همین دوره ساخته شده، با چندتا جای خالی. باید جاهای خالی رو با کلمه‌ی درست پر کنی.,باشه,,,,,
12843,18,cloze_passage,main,,"A: {{1}} {{2}}.
B: {{3}}!",choice|Today~My email is~Bathroom|this~a~Yesterday|SIM card~Thanks for everything~See you later,1|0|1,,,,جاهای خالی رو با کلمه‌ی درستش پر کن.
12844,18,cloze_passage,exercise,12843,"A: {{1}} {{2}}.
B: {{3}}!",word_bank|Keep in touch~Thanks for everything~this~Take care~My email is|My email is~this~Thanks for everything,,,,,کلمه‌های درست رو از بین گزینه‌ها انتخاب کن.
12845,18,cloze_passage,exercise,12843,"A: {{1}} {{2}}.
B: {{3}}!",choice|I need~My email is~Turn left|this~Cash~This is|Thanks for everything~Exit~Small,1|0|0,,,,جاهای خالی رو با کلمه‌ی درستش پر کن.
12846,18,cloze_passage,exercise,12843,"A: {{1}} {{2}}.
B: {{3}}!",word_bank|My email is~this~Thanks for everything~Keep in touch~Take care|My email is~this~Thanks for everything,,,,,کلمه‌های درست رو از بین گزینه‌ها انتخاب کن.
